;;;;;
Function;FunctionGroup;Process;Invocation;Exclusive Time;Inclusive Time
sync time;VT_API;Process 0;2;3.066547;3.066547
sync time;VT_API;Process 1;2;3.161646;3.161646
sync time;VT_API;Process 2;2;3.121988;3.121988
sync time;VT_API;Process 3;2;3.136755;3.136755
sync time;VT_API;Process 4;2;3.168345;3.168345
sync time;VT_API;Process 5;2;3.097106;3.097106
sync time;VT_API;Process 6;2;3.117453;3.117453
sync time;VT_API;Process 7;2;3.102122;3.102122
sync time;VT_API;Process 8;2;3.089806;3.089806
sync time;VT_API;Process 9;2;3.113013;3.113013
sync time;VT_API;Process 10;2;3.168134;3.168134
sync time;VT_API;Process 11;2;3.163271;3.163271
sync time;VT_API;Process 12;2;3.151414;3.151414
sync time;VT_API;Process 13;2;3.160956;3.160956
sync time;VT_API;Process 14;2;3.134035;3.134035
sync time;VT_API;Process 15;2;3.115092;3.115092
sync time;VT_API;Process 16;2;3.162123;3.162123
sync time;VT_API;Process 17;2;3.177659;3.177659
sync time;VT_API;Process 18;2;3.151676;3.151676
sync time;VT_API;Process 19;2;3.135926;3.135926
sync time;VT_API;Process 20;2;3.173743;3.173743
sync time;VT_API;Process 21;2;3.123388;3.123388
sync time;VT_API;Process 22;2;3.127563;3.127563
sync time;VT_API;Process 23;2;3.099744;3.099744
sync time;VT_API;Process 24;2;3.168676;3.168676
sync time;VT_API;Process 25;2;3.179655;3.179655
sync time;VT_API;Process 26;2;3.097545;3.097545
sync time;VT_API;Process 27;2;3.107451;3.107451
sync time;VT_API;Process 28;2;3.159019;3.159019
sync time;VT_API;Process 29;2;3.117435;3.117435
sync time;VT_API;Process 30;2;3.111378;3.111378
sync time;VT_API;Process 31;2;3.087482;3.087482
parallel region;OMP-PREG;Process 1;3966;2.488469;119.947792
parallel region;OMP-PREG;Process 2;3522;2.349686;116.519981
parallel region;OMP-PREG;Process 3;3597;2.852442;116.514667
parallel region;OMP-PREG;Process 4;4050;2.160585;119.342734
parallel region;OMP-PREG;Process 5;4053;2.283726;117.430101
parallel region;OMP-PREG;Process 6;3600;3.041695;126.873242
parallel region;OMP-PREG;Process 7;3150;2.391209;129.332694
parallel region;OMP-PREG;Process 8;3627;2.712732;118.316978
parallel region;OMP-PREG;Process 9;3600;2.688999;125.043196
parallel region;OMP-PREG;Process 10;3600;2.287704;117.538807
parallel region;OMP-PREG;Process 11;3600;2.630937;118.989175
parallel region;OMP-PREG;Process 12;3600;2.639861;120.620021
parallel region;OMP-PREG;Process 13;3600;2.392285;118.195204
parallel region;OMP-PREG;Process 14;3600;2.305774;123.402212
parallel region;OMP-PREG;Process 15;3600;2.774084;125.623784
parallel region;OMP-PREG;Process 16;4500;2.429507;118.385213
parallel region;OMP-PREG;Process 17;4053;2.171168;115.144781
parallel region;OMP-PREG;Process 18;3600;2.329881;119.929307
parallel region;OMP-PREG;Process 19;3600;2.662894;121.440109
parallel region;OMP-PREG;Process 20;3651;2.668756;118.135415
parallel region;OMP-PREG;Process 21;3600;2.704106;123.985657
parallel region;OMP-PREG;Process 22;3600;2.435442;123.290607
parallel region;OMP-PREG;Process 23;3600;2.779708;126.105446
parallel region;OMP-PREG;Process 24;3606;2.730392;117.669764
parallel region;OMP-PREG;Process 25;3594;2.769218;127.429175
parallel region;OMP-PREG;Process 26;3600;2.756648;126.844182
parallel region;OMP-PREG;Process 27;3600;2.287169;125.268690
parallel region;OMP-PREG;Process 28;4500;2.415213;117.143509
parallel region;OMP-PREG;Process 29;4131;2.217506;113.291512
parallel region;OMP-PREG;Process 30;3600;2.486945;124.661380
parallel region;OMP-PREG;Process 31;3600;2.740967;127.278383
open;LIBC-I/O;Process 0;14;0.000132;0.000132
open;LIBC-I/O;Process 1;14;0.000083;0.000083
open;LIBC-I/O;Process 2;14;0.000136;0.000136
open;LIBC-I/O;Process 3;14;0.000083;0.000083
open;LIBC-I/O;Process 4;14;0.000134;0.000134
open;LIBC-I/O;Process 5;14;0.000080;0.000080
open;LIBC-I/O;Process 6;14;0.000130;0.000130
open;LIBC-I/O;Process 7;14;0.000091;0.000091
open;LIBC-I/O;Process 8;14;0.000131;0.000131
open;LIBC-I/O;Process 9;14;0.000079;0.000079
open;LIBC-I/O;Process 10;14;0.000134;0.000134
open;LIBC-I/O;Process 11;14;0.000082;0.000082
open;LIBC-I/O;Process 12;14;0.000123;0.000123
open;LIBC-I/O;Process 13;14;0.000080;0.000080
open;LIBC-I/O;Process 14;14;0.000137;0.000137
open;LIBC-I/O;Process 15;14;0.000079;0.000079
open;LIBC-I/O;Process 16;14;0.000132;0.000132
open;LIBC-I/O;Process 17;14;0.000082;0.000082
open;LIBC-I/O;Process 18;14;0.000138;0.000138
open;LIBC-I/O;Process 19;14;0.000095;0.000095
open;LIBC-I/O;Process 20;14;0.000130;0.000130
open;LIBC-I/O;Process 21;14;0.000091;0.000091
open;LIBC-I/O;Process 22;14;0.000131;0.000131
open;LIBC-I/O;Process 23;14;0.000077;0.000077
open;LIBC-I/O;Process 24;14;0.000127;0.000127
open;LIBC-I/O;Process 25;14;0.000086;0.000086
open;LIBC-I/O;Process 26;14;0.000124;0.000124
open;LIBC-I/O;Process 27;14;0.000082;0.000082
open;LIBC-I/O;Process 28;14;0.000130;0.000130
open;LIBC-I/O;Process 29;14;0.000083;0.000083
open;LIBC-I/O;Process 30;14;0.000131;0.000131
open;LIBC-I/O;Process 31;14;0.000081;0.000081
close;LIBC-I/O;Process 0;195;0.038025;0.038025
close;LIBC-I/O;Process 1;19;0.000101;0.000101
close;LIBC-I/O;Process 2;19;0.000117;0.000117
close;LIBC-I/O;Process 3;20;0.000152;0.000152
close;LIBC-I/O;Process 4;19;0.000115;0.000115
close;LIBC-I/O;Process 5;20;0.000139;0.000139
close;LIBC-I/O;Process 6;20;0.000101;0.000101
close;LIBC-I/O;Process 7;20;0.000138;0.000138
close;LIBC-I/O;Process 8;19;0.000092;0.000092
close;LIBC-I/O;Process 9;20;0.000107;0.000107
close;LIBC-I/O;Process 10;20;0.000097;0.000097
close;LIBC-I/O;Process 11;20;0.000131;0.000131
close;LIBC-I/O;Process 12;20;0.000119;0.000119
close;LIBC-I/O;Process 13;20;0.000113;0.000113
close;LIBC-I/O;Process 14;20;0.000110;0.000110
close;LIBC-I/O;Process 15;20;0.000109;0.000109
close;LIBC-I/O;Process 16;19;0.000143;0.000143
close;LIBC-I/O;Process 17;20;0.000130;0.000130
close;LIBC-I/O;Process 18;20;0.000106;0.000106
close;LIBC-I/O;Process 19;20;0.000113;0.000113
close;LIBC-I/O;Process 20;20;0.000122;0.000122
close;LIBC-I/O;Process 21;20;0.000105;0.000105
close;LIBC-I/O;Process 22;20;0.000108;0.000108
close;LIBC-I/O;Process 23;20;0.000106;0.000106
close;LIBC-I/O;Process 24;20;0.000097;0.000097
close;LIBC-I/O;Process 25;20;0.000115;0.000115
close;LIBC-I/O;Process 26;20;0.000148;0.000148
close;LIBC-I/O;Process 27;20;0.000109;0.000109
close;LIBC-I/O;Process 28;20;0.000179;0.000179
close;LIBC-I/O;Process 29;20;0.000136;0.000136
close;LIBC-I/O;Process 30;20;0.000102;0.000102
close;LIBC-I/O;Process 31;19;0.000104;0.000104
read;LIBC-I/O;Process 0;10508;872.356661;872.356661
read;LIBC-I/O;Process 1;8;0.000016;0.000016
read;LIBC-I/O;Process 2;8;0.000017;0.000017
read;LIBC-I/O;Process 3;8;0.000015;0.000015
read;LIBC-I/O;Process 4;8;0.000016;0.000016
read;LIBC-I/O;Process 5;8;0.000016;0.000016
read;LIBC-I/O;Process 6;8;0.000017;0.000017
read;LIBC-I/O;Process 7;8;0.000016;0.000016
read;LIBC-I/O;Process 8;8;0.000016;0.000016
read;LIBC-I/O;Process 9;8;0.000015;0.000015
read;LIBC-I/O;Process 10;8;0.000016;0.000016
read;LIBC-I/O;Process 11;8;0.000015;0.000015
read;LIBC-I/O;Process 12;8;0.000016;0.000016
read;LIBC-I/O;Process 13;8;0.000016;0.000016
read;LIBC-I/O;Process 14;8;0.000016;0.000016
read;LIBC-I/O;Process 15;8;0.000015;0.000015
read;LIBC-I/O;Process 16;8;0.000015;0.000015
read;LIBC-I/O;Process 17;8;0.000015;0.000015
read;LIBC-I/O;Process 18;8;0.000016;0.000016
read;LIBC-I/O;Process 19;8;0.000017;0.000017
read;LIBC-I/O;Process 20;8;0.000016;0.000016
read;LIBC-I/O;Process 21;8;0.000016;0.000016
read;LIBC-I/O;Process 22;8;0.000015;0.000015
read;LIBC-I/O;Process 23;8;0.000027;0.000027
read;LIBC-I/O;Process 24;8;0.000017;0.000017
read;LIBC-I/O;Process 25;8;0.000016;0.000016
read;LIBC-I/O;Process 26;8;0.000015;0.000015
read;LIBC-I/O;Process 27;8;0.000016;0.000016
read;LIBC-I/O;Process 28;8;0.000016;0.000016
read;LIBC-I/O;Process 29;8;0.000015;0.000015
read;LIBC-I/O;Process 30;8;0.000015;0.000015
read;LIBC-I/O;Process 31;8;0.000016;0.000016
write;LIBC-I/O;Process 0;4;0.002547;0.002547
readv;LIBC-I/O;Process 0;37092;0.085044;0.085044
readv;LIBC-I/O;Process 1;17;0.000040;0.000040
readv;LIBC-I/O;Process 2;1188;0.008231;0.008231
readv;LIBC-I/O;Process 3;1217;0.012135;0.012135
readv;LIBC-I/O;Process 4;1368;0.023823;0.023823
readv;LIBC-I/O;Process 5;1370;0.008358;0.008358
readv;LIBC-I/O;Process 6;1214;0.012573;0.012573
readv;LIBC-I/O;Process 7;1068;0.013590;0.013590
readv;LIBC-I/O;Process 8;1227;0.014964;0.014964
readv;LIBC-I/O;Process 9;1221;0.008865;0.008865
readv;LIBC-I/O;Process 10;1214;0.012555;0.012555
readv;LIBC-I/O;Process 11;1218;0.008657;0.008657
readv;LIBC-I/O;Process 12;1216;0.008306;0.008306
readv;LIBC-I/O;Process 13;1220;0.015193;0.015193
readv;LIBC-I/O;Process 14;1215;0.007333;0.007333
readv;LIBC-I/O;Process 15;1219;0.014689;0.014689
readv;LIBC-I/O;Process 16;1515;0.009757;0.009757
readv;LIBC-I/O;Process 17;1371;0.025684;0.025684
readv;LIBC-I/O;Process 18;1215;0.007323;0.007323
readv;LIBC-I/O;Process 19;1219;0.013685;0.013685
readv;LIBC-I/O;Process 20;1233;0.008242;0.008242
readv;LIBC-I/O;Process 21;1221;0.013736;0.013736
readv;LIBC-I/O;Process 22;1215;0.007692;0.007692
readv;LIBC-I/O;Process 23;1220;0.014420;0.014420
readv;LIBC-I/O;Process 24;1218;0.008752;0.008752
readv;LIBC-I/O;Process 25;1218;0.013959;0.013959
readv;LIBC-I/O;Process 26;1216;0.008565;0.008565
readv;LIBC-I/O;Process 27;1219;0.014064;0.014064
readv;LIBC-I/O;Process 28;1516;0.009951;0.009951
readv;LIBC-I/O;Process 29;1397;0.025711;0.025711
readv;LIBC-I/O;Process 30;1213;0.007755;0.007755
readv;LIBC-I/O;Process 31;1220;0.015710;0.015710
writev;LIBC-I/O;Process 0;41589;0.195484;0.195484
writev;LIBC-I/O;Process 1;9;0.000129;0.000129
writev;LIBC-I/O;Process 2;1185;0.030689;0.030689
writev;LIBC-I/O;Process 3;1208;0.034911;0.034911
writev;LIBC-I/O;Process 4;1361;0.064538;0.064538
writev;LIBC-I/O;Process 5;1360;0.032233;0.032233
writev;LIBC-I/O;Process 6;1211;0.043607;0.043607
writev;LIBC-I/O;Process 7;1059;0.039852;0.039852
writev;LIBC-I/O;Process 8;1220;0.037407;0.037407
writev;LIBC-I/O;Process 9;1209;0.031688;0.031688
writev;LIBC-I/O;Process 10;1211;0.032780;0.032780
writev;LIBC-I/O;Process 11;1209;0.028214;0.028214
writev;LIBC-I/O;Process 12;1211;0.030708;0.030708
writev;LIBC-I/O;Process 13;1209;0.032120;0.032120
writev;LIBC-I/O;Process 14;1211;0.028545;0.028545
writev;LIBC-I/O;Process 15;1209;0.038237;0.038237
writev;LIBC-I/O;Process 16;1511;0.035096;0.035096
writev;LIBC-I/O;Process 17;1360;0.058366;0.058366
writev;LIBC-I/O;Process 18;1211;0.028017;0.028017
writev;LIBC-I/O;Process 19;1209;0.037910;0.037910
writev;LIBC-I/O;Process 20;1228;0.033441;0.033441
writev;LIBC-I/O;Process 21;1209;0.038269;0.038269
writev;LIBC-I/O;Process 22;1211;0.028312;0.028312
writev;LIBC-I/O;Process 23;1209;0.037009;0.037009
writev;LIBC-I/O;Process 24;1213;0.033105;0.033105
writev;LIBC-I/O;Process 25;1207;0.038121;0.038121
writev;LIBC-I/O;Process 26;1211;0.029426;0.029426
writev;LIBC-I/O;Process 27;1209;0.031302;0.031302
writev;LIBC-I/O;Process 28;1511;0.035933;0.035933
writev;LIBC-I/O;Process 29;1386;0.059593;0.059593
writev;LIBC-I/O;Process 30;1211;0.030371;0.030371
writev;LIBC-I/O;Process 31;1209;0.039144;0.039144
fopen;LIBC-I/O;Process 0;81;0.011358;0.011358
fopen;LIBC-I/O;Process 1;81;0.011074;0.011074
fopen;LIBC-I/O;Process 2;81;0.014429;0.014429
fopen;LIBC-I/O;Process 3;81;0.012771;0.012771
fopen;LIBC-I/O;Process 4;81;0.010710;0.010710
fopen;LIBC-I/O;Process 5;81;0.011117;0.011117
fopen;LIBC-I/O;Process 6;81;0.013719;0.013719
fopen;LIBC-I/O;Process 7;81;0.009627;0.009627
fopen;LIBC-I/O;Process 8;81;0.006809;0.006809
fopen;LIBC-I/O;Process 9;81;0.011456;0.011456
fopen;LIBC-I/O;Process 10;81;0.011889;0.011889
fopen;LIBC-I/O;Process 11;81;0.006095;0.006095
fopen;LIBC-I/O;Process 12;81;0.011826;0.011826
fopen;LIBC-I/O;Process 13;81;0.008893;0.008893
fopen;LIBC-I/O;Process 14;81;0.007255;0.007255
fopen;LIBC-I/O;Process 15;81;0.012141;0.012141
fopen;LIBC-I/O;Process 16;81;0.007035;0.007035
fopen;LIBC-I/O;Process 17;81;0.008701;0.008701
fopen;LIBC-I/O;Process 18;81;0.013716;0.013716
fopen;LIBC-I/O;Process 19;81;0.009341;0.009341
fopen;LIBC-I/O;Process 20;81;0.009899;0.009899
fopen;LIBC-I/O;Process 21;81;0.013862;0.013862
fopen;LIBC-I/O;Process 22;81;0.011200;0.011200
fopen;LIBC-I/O;Process 23;81;0.010704;0.010704
fopen;LIBC-I/O;Process 24;81;0.009884;0.009884
fopen;LIBC-I/O;Process 25;81;0.015400;0.015400
fopen;LIBC-I/O;Process 26;81;0.010629;0.010629
fopen;LIBC-I/O;Process 27;81;0.009214;0.009214
fopen;LIBC-I/O;Process 28;81;0.006597;0.006597
fopen;LIBC-I/O;Process 29;81;0.010622;0.010622
fopen;LIBC-I/O;Process 30;81;0.011541;0.011541
fopen;LIBC-I/O;Process 31;81;0.006860;0.006860
fclose;LIBC-I/O;Process 0;41;0.000483;0.000483
fclose;LIBC-I/O;Process 1;41;0.000579;0.000579
fclose;LIBC-I/O;Process 2;41;0.000605;0.000605
fclose;LIBC-I/O;Process 3;41;0.000476;0.000476
fclose;LIBC-I/O;Process 4;41;0.000623;0.000623
fclose;LIBC-I/O;Process 5;41;0.000596;0.000596
fclose;LIBC-I/O;Process 6;41;0.000509;0.000509
fclose;LIBC-I/O;Process 7;41;0.000599;0.000599
fclose;LIBC-I/O;Process 8;41;0.000470;0.000470
fclose;LIBC-I/O;Process 9;41;0.000478;0.000478
fclose;LIBC-I/O;Process 10;41;0.004203;0.004203
fclose;LIBC-I/O;Process 11;41;0.000579;0.000579
fclose;LIBC-I/O;Process 12;41;0.000485;0.000485
fclose;LIBC-I/O;Process 13;41;0.000493;0.000493
fclose;LIBC-I/O;Process 14;41;0.000479;0.000479
fclose;LIBC-I/O;Process 15;41;0.000469;0.000469
fclose;LIBC-I/O;Process 16;41;0.000516;0.000516
fclose;LIBC-I/O;Process 17;41;0.000553;0.000553
fclose;LIBC-I/O;Process 18;41;0.000537;0.000537
fclose;LIBC-I/O;Process 19;41;0.000494;0.000494
fclose;LIBC-I/O;Process 20;41;0.000594;0.000594
fclose;LIBC-I/O;Process 21;41;0.000500;0.000500
fclose;LIBC-I/O;Process 22;41;0.000506;0.000506
fclose;LIBC-I/O;Process 23;41;0.004198;0.004198
fclose;LIBC-I/O;Process 24;41;0.000496;0.000496
fclose;LIBC-I/O;Process 25;41;0.000502;0.000502
fclose;LIBC-I/O;Process 26;41;0.000833;0.000833
fclose;LIBC-I/O;Process 27;41;0.000442;0.000442
fclose;LIBC-I/O;Process 28;41;0.000518;0.000518
fclose;LIBC-I/O;Process 29;41;0.000461;0.000461
fclose;LIBC-I/O;Process 30;41;0.000474;0.000474
fclose;LIBC-I/O;Process 31;41;0.000459;0.000459
rewind;LIBC-I/O;Process 0;2;0.000005;0.000005
rewind;LIBC-I/O;Process 1;2;0.000005;0.000005
rewind;LIBC-I/O;Process 2;2;0.000006;0.000006
rewind;LIBC-I/O;Process 3;2;0.000006;0.000006
rewind;LIBC-I/O;Process 4;2;0.000006;0.000006
rewind;LIBC-I/O;Process 5;2;0.000006;0.000006
rewind;LIBC-I/O;Process 6;2;0.000006;0.000006
rewind;LIBC-I/O;Process 7;2;0.000006;0.000006
rewind;LIBC-I/O;Process 8;2;0.000006;0.000006
rewind;LIBC-I/O;Process 9;2;0.000006;0.000006
rewind;LIBC-I/O;Process 10;2;0.000007;0.000007
rewind;LIBC-I/O;Process 11;2;0.000006;0.000006
rewind;LIBC-I/O;Process 12;2;0.000005;0.000005
rewind;LIBC-I/O;Process 13;2;0.000006;0.000006
rewind;LIBC-I/O;Process 14;2;0.000006;0.000006
rewind;LIBC-I/O;Process 15;2;0.000006;0.000006
rewind;LIBC-I/O;Process 16;2;0.000005;0.000005
rewind;LIBC-I/O;Process 17;2;0.000005;0.000005
rewind;LIBC-I/O;Process 18;2;0.000007;0.000007
rewind;LIBC-I/O;Process 19;2;0.000006;0.000006
rewind;LIBC-I/O;Process 20;2;0.000006;0.000006
rewind;LIBC-I/O;Process 21;2;0.000006;0.000006
rewind;LIBC-I/O;Process 22;2;0.000005;0.000005
rewind;LIBC-I/O;Process 23;2;0.000005;0.000005
rewind;LIBC-I/O;Process 24;2;0.000007;0.000007
rewind;LIBC-I/O;Process 25;2;0.000005;0.000005
rewind;LIBC-I/O;Process 26;2;0.000006;0.000006
rewind;LIBC-I/O;Process 27;2;0.000006;0.000006
rewind;LIBC-I/O;Process 28;2;0.000006;0.000006
rewind;LIBC-I/O;Process 29;2;0.000006;0.000006
rewind;LIBC-I/O;Process 30;2;0.000006;0.000006
rewind;LIBC-I/O;Process 31;2;0.000006;0.000006
fread;LIBC-I/O;Process 0;2;0.000021;0.000021
fread;LIBC-I/O;Process 1;2;0.000025;0.000025
fread;LIBC-I/O;Process 2;2;0.000071;0.000071
fread;LIBC-I/O;Process 3;2;0.000021;0.000021
fread;LIBC-I/O;Process 4;2;0.000021;0.000021
fread;LIBC-I/O;Process 5;2;0.000023;0.000023
fread;LIBC-I/O;Process 6;2;0.000023;0.000023
fread;LIBC-I/O;Process 7;2;0.000022;0.000022
fread;LIBC-I/O;Process 8;2;0.000021;0.000021
fread;LIBC-I/O;Process 9;2;0.000023;0.000023
fread;LIBC-I/O;Process 10;2;0.000023;0.000023
fread;LIBC-I/O;Process 11;2;0.000022;0.000022
fread;LIBC-I/O;Process 12;2;0.000024;0.000024
fread;LIBC-I/O;Process 13;2;0.000023;0.000023
fread;LIBC-I/O;Process 14;2;0.000025;0.000025
fread;LIBC-I/O;Process 15;2;0.000018;0.000018
fread;LIBC-I/O;Process 16;2;0.000022;0.000022
fread;LIBC-I/O;Process 17;2;0.000018;0.000018
fread;LIBC-I/O;Process 18;2;0.000021;0.000021
fread;LIBC-I/O;Process 19;2;0.000020;0.000020
fread;LIBC-I/O;Process 20;2;0.000021;0.000021
fread;LIBC-I/O;Process 21;2;0.000023;0.000023
fread;LIBC-I/O;Process 22;2;0.000020;0.000020
fread;LIBC-I/O;Process 23;2;0.000020;0.000020
fread;LIBC-I/O;Process 24;2;0.000019;0.000019
fread;LIBC-I/O;Process 25;2;0.000021;0.000021
fread;LIBC-I/O;Process 26;2;0.000018;0.000018
fread;LIBC-I/O;Process 27;2;0.000021;0.000021
fread;LIBC-I/O;Process 28;2;0.000021;0.000021
fread;LIBC-I/O;Process 29;2;0.000018;0.000018
fread;LIBC-I/O;Process 30;2;0.000018;0.000018
fread;LIBC-I/O;Process 31;2;0.000024;0.000024
fgets;LIBC-I/O;Process 0;1702;0.005575;0.005575
fgets;LIBC-I/O;Process 1;1702;0.006166;0.006166
fgets;LIBC-I/O;Process 2;1702;0.001288;0.001288
fgets;LIBC-I/O;Process 3;1702;0.001183;0.001183
fgets;LIBC-I/O;Process 4;1702;0.001867;0.001867
fgets;LIBC-I/O;Process 5;1702;0.001284;0.001284
fgets;LIBC-I/O;Process 6;1702;0.001233;0.001233
fgets;LIBC-I/O;Process 7;1702;0.001186;0.001186
fgets;LIBC-I/O;Process 8;1702;0.001561;0.001561
fgets;LIBC-I/O;Process 9;1702;0.001194;0.001194
fgets;LIBC-I/O;Process 10;1702;0.001509;0.001509
fgets;LIBC-I/O;Process 11;1702;0.001188;0.001188
fgets;LIBC-I/O;Process 12;1702;0.001182;0.001182
fgets;LIBC-I/O;Process 13;1702;0.001193;0.001193
fgets;LIBC-I/O;Process 14;1702;0.001185;0.001185
fgets;LIBC-I/O;Process 15;1702;0.001147;0.001147
fgets;LIBC-I/O;Process 16;1702;0.001157;0.001157
fgets;LIBC-I/O;Process 17;1702;0.001141;0.001141
fgets;LIBC-I/O;Process 18;1702;0.001250;0.001250
fgets;LIBC-I/O;Process 19;1702;0.001209;0.001209
fgets;LIBC-I/O;Process 20;1702;0.001183;0.001183
fgets;LIBC-I/O;Process 21;1702;0.001251;0.001251
fgets;LIBC-I/O;Process 22;1702;0.001185;0.001185
fgets;LIBC-I/O;Process 23;1702;0.001115;0.001115
fgets;LIBC-I/O;Process 24;1702;0.001181;0.001181
fgets;LIBC-I/O;Process 25;1702;0.001754;0.001754
fgets;LIBC-I/O;Process 26;1702;0.001196;0.001196
fgets;LIBC-I/O;Process 27;1702;0.001156;0.001156
fgets;LIBC-I/O;Process 28;1702;0.001191;0.001191
fgets;LIBC-I/O;Process 29;1702;0.001186;0.001186
fgets;LIBC-I/O;Process 30;1702;0.002417;0.002417
fgets;LIBC-I/O;Process 31;1702;0.001189;0.001189
unlink;LIBC-I/O;Process 0;2;0.000044;0.000044
unlink;LIBC-I/O;Process 1;2;0.000052;0.000052
unlink;LIBC-I/O;Process 2;2;0.000084;0.000084
unlink;LIBC-I/O;Process 3;2;0.000042;0.000042
unlink;LIBC-I/O;Process 4;2;0.000021;0.000021
unlink;LIBC-I/O;Process 5;2;0.000047;0.000047
unlink;LIBC-I/O;Process 6;2;0.000050;0.000050
unlink;LIBC-I/O;Process 7;2;0.000045;0.000045
unlink;LIBC-I/O;Process 8;2;0.000054;0.000054
unlink;LIBC-I/O;Process 9;2;0.000039;0.000039
unlink;LIBC-I/O;Process 10;2;0.000052;0.000052
unlink;LIBC-I/O;Process 11;2;0.000037;0.000037
unlink;LIBC-I/O;Process 12;2;0.000043;0.000043
unlink;LIBC-I/O;Process 13;2;0.000053;0.000053
unlink;LIBC-I/O;Process 14;2;0.000037;0.000037
unlink;LIBC-I/O;Process 15;2;0.000051;0.000051
unlink;LIBC-I/O;Process 16;2;0.000107;0.000107
unlink;LIBC-I/O;Process 17;2;0.000058;0.000058
unlink;LIBC-I/O;Process 18;2;0.000039;0.000039
unlink;LIBC-I/O;Process 19;2;0.000052;0.000052
unlink;LIBC-I/O;Process 20;2;0.000030;0.000030
unlink;LIBC-I/O;Process 21;2;0.000051;0.000051
unlink;LIBC-I/O;Process 22;2;0.000034;0.000034
unlink;LIBC-I/O;Process 23;2;0.000055;0.000055
unlink;LIBC-I/O;Process 24;2;0.000043;0.000043
unlink;LIBC-I/O;Process 25;2;0.000048;0.000048
unlink;LIBC-I/O;Process 26;2;0.000033;0.000033
unlink;LIBC-I/O;Process 27;2;0.000051;0.000051
unlink;LIBC-I/O;Process 28;2;0.000096;0.000096
unlink;LIBC-I/O;Process 29;2;0.000046;0.000046
unlink;LIBC-I/O;Process 30;2;0.000037;0.000037
unlink;LIBC-I/O;Process 31;2;0.000052;0.000052
open64;LIBC-I/O;Process 0;151;5.525430;5.525430
lseek64;LIBC-I/O;Process 0;151;0.000598;0.000598
MPI_Init;MPI;Process 0;1;1.321242;4.385859
MPI_Init;MPI;Process 1;1;1.321002;4.389336
MPI_Init;MPI;Process 2;1;1.449651;4.517180
MPI_Init;MPI;Process 3;1;1.451349;4.512270
MPI_Init;MPI;Process 4;1;1.758959;4.822481
MPI_Init;MPI;Process 5;1;1.761396;4.825073
MPI_Init;MPI;Process 6;1;1.470798;4.535927
MPI_Init;MPI;Process 7;1;1.473035;4.536095
MPI_Init;MPI;Process 8;1;1.151650;4.209937
MPI_Init;MPI;Process 9;1;1.455953;4.519523
MPI_Init;MPI;Process 10;1;1.464528;4.528188
MPI_Init;MPI;Process 11;1;1.371201;4.430232
MPI_Init;MPI;Process 12;1;1.457861;4.522069
MPI_Init;MPI;Process 13;1;1.361939;4.420318
MPI_Init;MPI;Process 14;1;1.353972;4.414577
MPI_Init;MPI;Process 15;1;1.453138;4.516866
MPI_Init;MPI;Process 16;1;1.371228;4.431457
MPI_Init;MPI;Process 17;1;1.784038;4.845223
MPI_Init;MPI;Process 18;1;1.357188;4.423173
MPI_Init;MPI;Process 19;1;1.359606;4.419610
MPI_Init;MPI;Process 20;1;1.486539;4.549652
MPI_Init;MPI;Process 21;1;1.482695;4.549505
MPI_Init;MPI;Process 22;1;1.465307;4.529788
MPI_Init;MPI;Process 23;1;1.368188;4.427759
MPI_Init;MPI;Process 24;1;1.454665;4.516386
MPI_Init;MPI;Process 25;1;1.452789;4.519888
MPI_Init;MPI;Process 26;1;1.450707;4.514261
MPI_Init;MPI;Process 27;1;1.353616;4.412283
MPI_Init;MPI;Process 28;1;1.371547;4.432130
MPI_Init;MPI;Process 29;1;1.465813;4.530010
MPI_Init;MPI;Process 30;1;1.473429;4.538355
MPI_Init;MPI;Process 31;1;1.076032;4.132446
MAIN__;Application;Process 0;1;17.911378;1243.676477
MAIN__;Application;Process 1;1;1.143602;1243.679910
MAIN__;Application;Process 2;1;1.071148;1243.807525
MAIN__;Application;Process 3;1;1.164506;1243.802390
MAIN__;Application;Process 4;1;1.175717;1244.114657
MAIN__;Application;Process 5;1;1.143502;1244.116650
MAIN__;Application;Process 6;1;1.153556;1243.825775
MAIN__;Application;Process 7;1;0.992930;1243.826448
MAIN__;Application;Process 8;1;1.121971;1243.500027
MAIN__;Application;Process 9;1;1.118657;1243.809983
MAIN__;Application;Process 10;1;1.048464;1243.818111
MAIN__;Application;Process 11;1;1.105224;1243.720505
MAIN__;Application;Process 12;1;1.105001;1243.812599
MAIN__;Application;Process 13;1;1.112024;1243.710553
MAIN__;Application;Process 14;1;1.028084;1243.704790
MAIN__;Application;Process 15;1;1.168651;1243.806723
MAIN__;Application;Process 16;1;1.272071;1243.721766
MAIN__;Application;Process 17;1;1.225784;1244.135761
MAIN__;Application;Process 18;1;1.045858;1243.713436
MAIN__;Application;Process 19;1;1.158904;1243.709578
MAIN__;Application;Process 20;1;1.116043;1243.840215
MAIN__;Application;Process 21;1;1.133187;1243.839742
MAIN__;Application;Process 22;1;1.031573;1243.820071
MAIN__;Application;Process 23;1;1.144915;1243.717686
MAIN__;Application;Process 24;1;1.109175;1243.806921
MAIN__;Application;Process 25;1;1.120984;1243.810175
MAIN__;Application;Process 26;1;1.086641;1243.804553
MAIN__;Application;Process 27;1;1.068434;1243.702282
MAIN__;Application;Process 28;1;1.294754;1243.722608
MAIN__;Application;Process 29;1;1.199364;1243.820667
MAIN__;Application;Process 30;1;1.049706;1243.828559
MAIN__;Application;Process 31;1;1.147838;1243.422330
MPI_Bcast;MPI;Process 0;150;230.073968;230.073968
MPI_Bcast;MPI;Process 1;150;242.148759;242.148759
MPI_Bcast;MPI;Process 2;150;246.822633;246.822633
MPI_Bcast;MPI;Process 3;150;246.607479;246.607479
MPI_Bcast;MPI;Process 4;150;242.623511;242.623511
MPI_Bcast;MPI;Process 5;150;244.516913;244.516913
MPI_Bcast;MPI;Process 6;150;238.545906;238.545906
MPI_Bcast;MPI;Process 7;150;238.158565;238.158565
MPI_Bcast;MPI;Process 8;150;246.051470;246.051470
MPI_Bcast;MPI;Process 9;150;240.206139;240.206139
MPI_Bcast;MPI;Process 10;150;246.824470;246.824470
MPI_Bcast;MPI;Process 11;150;245.593595;245.593595
MPI_Bcast;MPI;Process 12;150;244.433147;244.433147
MPI_Bcast;MPI;Process 13;150;246.595739;246.595739
MPI_Bcast;MPI;Process 14;150;242.243734;242.243734
MPI_Bcast;MPI;Process 15;150;240.214599;240.214599
MPI_Bcast;MPI;Process 16;150;243.582954;243.582954
MPI_Bcast;MPI;Process 17;150;247.782579;247.782579
MPI_Bcast;MPI;Process 18;150;245.690780;245.690780
MPI_Bcast;MPI;Process 19;150;244.299634;244.299634
MPI_Bcast;MPI;Process 20;150;247.467337;247.467337
MPI_Bcast;MPI;Process 21;150;242.509840;242.509840
MPI_Bcast;MPI;Process 22;150;243.391257;243.391257
MPI_Bcast;MPI;Process 23;150;240.831274;240.831274
MPI_Bcast;MPI;Process 24;150;248.481888;248.481888
MPI_Bcast;MPI;Process 25;150;239.906317;239.906317
MPI_Bcast;MPI;Process 26;150;240.685625;240.685625
MPI_Bcast;MPI;Process 27;150;242.086038;242.086038
MPI_Bcast;MPI;Process 28;150;246.096297;246.096297
MPI_Bcast;MPI;Process 29;150;250.656257;250.656257
MPI_Bcast;MPI;Process 30;150;243.080572;243.080572
MPI_Bcast;MPI;Process 31;150;240.697634;240.697634
MPI_Comm_rank;MPI;Process 0;1;0.000001;0.000001
MPI_Comm_rank;MPI;Process 1;1;0.000003;0.000003
MPI_Comm_rank;MPI;Process 2;1;0.000002;0.000002
MPI_Comm_rank;MPI;Process 3;1;0.000001;0.000001
MPI_Comm_rank;MPI;Process 4;1;0.000003;0.000003
MPI_Comm_rank;MPI;Process 5;1;0.000002;0.000002
MPI_Comm_rank;MPI;Process 6;1;0.000001;0.000001
MPI_Comm_rank;MPI;Process 7;1;0.000002;0.000002
MPI_Comm_rank;MPI;Process 8;1;0.000001;0.000001
MPI_Comm_rank;MPI;Process 9;1;0.000002;0.000002
MPI_Comm_rank;MPI;Process 10;1;0.000001;0.000001
MPI_Comm_rank;MPI;Process 11;1;0.000002;0.000002
MPI_Comm_rank;MPI;Process 12;1;0.000002;0.000002
MPI_Comm_rank;MPI;Process 13;1;0.000001;0.000001
MPI_Comm_rank;MPI;Process 14;1;0.000002;0.000002
MPI_Comm_rank;MPI;Process 15;1;0.000001;0.000001
MPI_Comm_rank;MPI;Process 16;1;0.000002;0.000002
MPI_Comm_rank;MPI;Process 17;1;0.000003;0.000003
MPI_Comm_rank;MPI;Process 18;1;0.000002;0.000002
MPI_Comm_rank;MPI;Process 19;1;0.000001;0.000001
MPI_Comm_rank;MPI;Process 20;1;0.000002;0.000002
MPI_Comm_rank;MPI;Process 21;1;0.000002;0.000002
MPI_Comm_rank;MPI;Process 22;1;0.000002;0.000002
MPI_Comm_rank;MPI;Process 23;1;0.000001;0.000001
MPI_Comm_rank;MPI;Process 24;1;0.000002;0.000002
MPI_Comm_rank;MPI;Process 25;1;0.000001;0.000001
MPI_Comm_rank;MPI;Process 26;1;0.000002;0.000002
MPI_Comm_rank;MPI;Process 27;1;0.000001;0.000001
MPI_Comm_rank;MPI;Process 28;1;0.000002;0.000002
MPI_Comm_rank;MPI;Process 29;1;0.000003;0.000003
MPI_Comm_rank;MPI;Process 30;1;0.000001;0.000001
MPI_Comm_rank;MPI;Process 31;1;0.000001;0.000001
MPI_Comm_size;MPI;Process 0;1;0.000000;0.000000
MPI_Comm_size;MPI;Process 1;1;0.000000;0.000000
MPI_Comm_size;MPI;Process 2;1;0.000000;0.000000
MPI_Comm_size;MPI;Process 3;1;0.000000;0.000000
MPI_Comm_size;MPI;Process 4;1;0.000000;0.000000
MPI_Comm_size;MPI;Process 5;1;0.000000;0.000000
MPI_Comm_size;MPI;Process 6;1;0.000000;0.000000
MPI_Comm_size;MPI;Process 7;1;0.000000;0.000000
MPI_Comm_size;MPI;Process 8;1;0.000000;0.000000
MPI_Comm_size;MPI;Process 9;1;0.000000;0.000000
MPI_Comm_size;MPI;Process 10;1;0.000000;0.000000
MPI_Comm_size;MPI;Process 11;1;0.000000;0.000000
MPI_Comm_size;MPI;Process 12;1;0.000000;0.000000
MPI_Comm_size;MPI;Process 13;1;0.000000;0.000000
MPI_Comm_size;MPI;Process 14;1;0.000000;0.000000
MPI_Comm_size;MPI;Process 15;1;0.000000;0.000000
MPI_Comm_size;MPI;Process 16;1;0.000000;0.000000
MPI_Comm_size;MPI;Process 17;1;0.000000;0.000000
MPI_Comm_size;MPI;Process 18;1;0.000000;0.000000
MPI_Comm_size;MPI;Process 19;1;0.000000;0.000000
MPI_Comm_size;MPI;Process 20;1;0.000000;0.000000
MPI_Comm_size;MPI;Process 21;1;0.000000;0.000000
MPI_Comm_size;MPI;Process 22;1;0.000000;0.000000
MPI_Comm_size;MPI;Process 23;1;0.000000;0.000000
MPI_Comm_size;MPI;Process 24;1;0.000000;0.000000
MPI_Comm_size;MPI;Process 25;1;0.000000;0.000000
MPI_Comm_size;MPI;Process 26;1;0.000000;0.000000
MPI_Comm_size;MPI;Process 27;1;0.000000;0.000000
MPI_Comm_size;MPI;Process 28;1;0.000000;0.000000
MPI_Comm_size;MPI;Process 29;1;0.000000;0.000000
MPI_Comm_size;MPI;Process 30;1;0.000000;0.000000
MPI_Comm_size;MPI;Process 31;1;0.000000;0.000000
MPI_Finalize;MPI;Process 0;1;0.003883;0.023942
MPI_Finalize;MPI;Process 1;1;0.003947;0.115528
MPI_Finalize;MPI;Process 2;1;0.003752;0.075158
MPI_Finalize;MPI;Process 3;1;0.003414;0.094273
MPI_Finalize;MPI;Process 4;1;0.004754;0.124185
MPI_Finalize;MPI;Process 5;1;0.003607;0.051908
MPI_Finalize;MPI;Process 6;1;0.003292;0.071587
MPI_Finalize;MPI;Process 7;1;0.003782;0.054787
MPI_Finalize;MPI;Process 8;1;0.003559;0.044493
MPI_Finalize;MPI;Process 9;1;0.003840;0.066951
MPI_Finalize;MPI;Process 10;1;0.003385;0.125966
MPI_Finalize;MPI;Process 11;1;0.003633;0.116299
MPI_Finalize;MPI;Process 12;1;0.003914;0.105201
MPI_Finalize;MPI;Process 13;1;0.003684;0.117368
MPI_Finalize;MPI;Process 14;1;0.003611;0.086626
MPI_Finalize;MPI;Process 15;1;0.003307;0.068928
MPI_Finalize;MPI;Process 16;1;0.003554;0.114949
MPI_Finalize;MPI;Process 17;1;0.003954;0.131404
MPI_Finalize;MPI;Process 18;1;0.003639;0.105467
MPI_Finalize;MPI;Process 19;1;0.003404;0.090845
MPI_Finalize;MPI;Process 20;1;0.003949;0.126876
MPI_Finalize;MPI;Process 21;1;0.003663;0.076386
MPI_Finalize;MPI;Process 22;1;0.003677;0.080237
MPI_Finalize;MPI;Process 23;1;0.003375;0.060105
MPI_Finalize;MPI;Process 24;1;0.003939;0.123028
MPI_Finalize;MPI;Process 25;1;0.003718;0.134416
MPI_Finalize;MPI;Process 26;1;0.003648;0.050904
MPI_Finalize;MPI;Process 27;1;0.003436;0.063617
MPI_Finalize;MPI;Process 28;1;0.003734;0.111312
MPI_Finalize;MPI;Process 29;1;0.004123;0.070134
MPI_Finalize;MPI;Process 30;1;0.003597;0.065055
MPI_Finalize;MPI;Process 31;1;0.003319;0.043428
MPI_Recv;MPI;Process 0;38400;113.003000;113.088013
MPI_Recv;MPI;Process 1;1472;875.915123;875.915123
MPI_Recv;MPI;Process 2;1324;874.743678;874.751875
MPI_Recv;MPI;Process 3;1349;874.841767;874.853866
MPI_Recv;MPI;Process 4;1500;875.907052;875.930828
MPI_Recv;MPI;Process 5;1501;876.085480;876.093777
MPI_Recv;MPI;Process 6;1350;872.565946;872.578488
MPI_Recv;MPI;Process 7;1200;870.672682;870.686213
MPI_Recv;MPI;Process 8;1359;873.681489;873.696418
MPI_Recv;MPI;Process 9;1350;872.792784;872.801603
MPI_Recv;MPI;Process 10;1350;873.688846;873.701369
MPI_Recv;MPI;Process 11;1350;873.427499;873.436100
MPI_Recv;MPI;Process 12;1350;872.967016;872.975291
MPI_Recv;MPI;Process 13;1350;873.204391;873.219540
MPI_Recv;MPI;Process 14;1350;872.476891;872.484200
MPI_Recv;MPI;Process 15;1350;872.139699;872.154345
MPI_Recv;MPI;Process 16;1650;875.867370;875.877103
MPI_Recv;MPI;Process 17;1501;874.885238;874.910859
MPI_Recv;MPI;Process 18;1350;872.464064;872.471348
MPI_Recv;MPI;Process 19;1350;872.227194;872.240836
MPI_Recv;MPI;Process 20;1367;872.381578;872.389783
MPI_Recv;MPI;Process 21;1350;871.512954;871.526643
MPI_Recv;MPI;Process 22;1350;871.441615;871.449279
MPI_Recv;MPI;Process 23;1350;871.075592;871.089970
MPI_Recv;MPI;Process 24;1352;871.842203;871.850928
MPI_Recv;MPI;Process 25;1348;870.625604;870.639508
MPI_Recv;MPI;Process 26;1350;870.562731;870.571270
MPI_Recv;MPI;Process 27;1350;870.739977;870.754001
MPI_Recv;MPI;Process 28;1650;874.576160;874.586085
MPI_Recv;MPI;Process 29;1527;873.950151;873.975809
MPI_Recv;MPI;Process 30;1350;870.376188;870.383919
MPI_Recv;MPI;Process 31;1350;870.046278;870.061946
MPI_Send;MPI;Process 0;43050;0.075052;0.270346
MPI_Send;MPI;Process 1;1322;0.019767;0.019767
MPI_Send;MPI;Process 2;1174;0.019019;0.049547
MPI_Send;MPI;Process 3;1199;0.020659;0.055329
MPI_Send;MPI;Process 4;1350;0.031707;0.095197
MPI_Send;MPI;Process 5;1351;0.024644;0.055373
MPI_Send;MPI;Process 6;1200;0.023613;0.067068
MPI_Send;MPI;Process 7;1050;0.025466;0.065164
MPI_Send;MPI;Process 8;1209;0.021573;0.058760
MPI_Send;MPI;Process 9;1200;0.022449;0.053913
MPI_Send;MPI;Process 10;1200;0.018209;0.050844
MPI_Send;MPI;Process 11;1200;0.021877;0.049877
MPI_Send;MPI;Process 12;1200;0.021385;0.051866
MPI_Send;MPI;Process 13;1200;0.018433;0.050360
MPI_Send;MPI;Process 14;1200;0.017118;0.045353
MPI_Send;MPI;Process 15;1200;0.021494;0.059550
MPI_Send;MPI;Process 16;1500;0.023266;0.058017
MPI_Send;MPI;Process 17;1351;0.036971;0.095128
MPI_Send;MPI;Process 18;1200;0.019755;0.047501
MPI_Send;MPI;Process 19;1200;0.021858;0.059638
MPI_Send;MPI;Process 20;1217;0.021926;0.055108
MPI_Send;MPI;Process 21;1200;0.020446;0.058521
MPI_Send;MPI;Process 22;1200;0.019261;0.047329
MPI_Send;MPI;Process 23;1200;0.021414;0.058215
MPI_Send;MPI;Process 24;1202;0.022882;0.055750
MPI_Send;MPI;Process 25;1198;0.021906;0.059886
MPI_Send;MPI;Process 26;1200;0.022481;0.051668
MPI_Send;MPI;Process 27;1200;0.018176;0.049217
MPI_Send;MPI;Process 28;1500;0.022947;0.058518
MPI_Send;MPI;Process 29;1377;0.038132;0.097577
MPI_Send;MPI;Process 30;1200;0.019439;0.049571
MPI_Send;MPI;Process 31;1200;0.021718;0.060654
!$omp do @amspec_mpi.f90:176;OMP-LOOP;Process 1;1322;116.970845;117.005280
!$omp do @amspec_mpi.f90:176;OMP-LOOP;Process 2;1174;108.514316;113.667548
!$omp do @amspec_mpi.f90:176;OMP-LOOP;Process 3;1199;99.461906;113.138848
!$omp do @amspec_mpi.f90:176;OMP-LOOP;Process 4;1350;101.897971;116.721094
!$omp do @amspec_mpi.f90:176;OMP-LOOP;Process 5;1351;105.804557;114.689362
!$omp do @amspec_mpi.f90:176;OMP-LOOP;Process 6;1200;118.004504;123.235894
!$omp do @amspec_mpi.f90:176;OMP-LOOP;Process 7;1050;126.456636;126.475149
!$omp do @amspec_mpi.f90:176;OMP-LOOP;Process 8;1209;98.484526;115.063564
!$omp do @amspec_mpi.f90:176;OMP-LOOP;Process 9;1200;100.784599;121.808066
!$omp do @amspec_mpi.f90:176;OMP-LOOP;Process 10;1200;96.115638;114.754970
!$omp do @amspec_mpi.f90:176;OMP-LOOP;Process 11;1200;97.687246;115.831813
!$omp do @amspec_mpi.f90:176;OMP-LOOP;Process 12;1200;103.679639;117.428199
!$omp do @amspec_mpi.f90:176;OMP-LOOP;Process 13;1200;102.001316;115.331058
!$omp do @amspec_mpi.f90:176;OMP-LOOP;Process 14;1200;111.438299;120.611789
!$omp do @amspec_mpi.f90:176;OMP-LOOP;Process 15;1200;104.180152;122.311586
!$omp do @amspec_mpi.f90:176;OMP-LOOP;Process 16;1500;113.404888;115.444913
!$omp do @amspec_mpi.f90:176;OMP-LOOP;Process 17;1351;106.411002;112.511156
!$omp do @amspec_mpi.f90:176;OMP-LOOP;Process 18;1200;114.495169;117.099921
!$omp do @amspec_mpi.f90:176;OMP-LOOP;Process 19;1200;106.360226;118.248072
!$omp do @amspec_mpi.f90:176;OMP-LOOP;Process 20;1217;104.151084;114.914938
!$omp do @amspec_mpi.f90:176;OMP-LOOP;Process 21;1200;102.064638;120.747598
!$omp do @amspec_mpi.f90:176;OMP-LOOP;Process 22;1200;109.351460;120.344892
!$omp do @amspec_mpi.f90:176;OMP-LOOP;Process 23;1200;106.158327;122.794541
!$omp do @amspec_mpi.f90:176;OMP-LOOP;Process 24;1202;111.334883;114.390972
!$omp do @amspec_mpi.f90:176;OMP-LOOP;Process 25;1198;106.270299;124.123937
!$omp do @amspec_mpi.f90:176;OMP-LOOP;Process 26;1200;108.616477;123.543486
!$omp do @amspec_mpi.f90:176;OMP-LOOP;Process 27;1200;106.065449;122.486295
!$omp do @amspec_mpi.f90:176;OMP-LOOP;Process 28;1500;111.270834;114.222432
!$omp do @amspec_mpi.f90:176;OMP-LOOP;Process 29;1377;107.875815;110.602402
!$omp do @amspec_mpi.f90:176;OMP-LOOP;Process 30;1200;111.667241;121.658043
!$omp do @amspec_mpi.f90:176;OMP-LOOP;Process 31;1200;110.807196;123.991442
!$omp do @amspec_mpi.f90:176;OMP-LOOP;Thread 1:1;1322;111.218615;117.542906
!$omp do @amspec_mpi.f90:176;OMP-LOOP;Thread 2:1;1174;112.461433;114.004139
!$omp do @amspec_mpi.f90:176;OMP-LOOP;Thread 3:1;1199;113.681611;113.770178
!$omp do @amspec_mpi.f90:176;OMP-LOOP;Thread 4:1;1350;116.889177;116.905953
!$omp do @amspec_mpi.f90:176;OMP-LOOP;Thread 5:1;1351;114.987074;115.004542
!$omp do @amspec_mpi.f90:176;OMP-LOOP;Thread 6:1;1200;123.744290;123.769665
!$omp do @amspec_mpi.f90:176;OMP-LOOP;Thread 7:1;1050;105.078203;126.713909
!$omp do @amspec_mpi.f90:176;OMP-LOOP;Thread 8:1;1209;115.453535;115.519734
!$omp do @amspec_mpi.f90:176;OMP-LOOP;Thread 9:1;1200;122.229864;122.246824
!$omp do @amspec_mpi.f90:176;OMP-LOOP;Thread 10:1;1200;115.050338;115.075105
!$omp do @amspec_mpi.f90:176;OMP-LOOP;Thread 11:1;1200;116.260633;116.284300
!$omp do @amspec_mpi.f90:176;OMP-LOOP;Thread 12:1;1200;117.848998;117.866460
!$omp do @amspec_mpi.f90:176;OMP-LOOP;Thread 13:1;1200;115.606577;115.620917
!$omp do @amspec_mpi.f90:176;OMP-LOOP;Thread 14:1;1200;120.880067;120.894823
!$omp do @amspec_mpi.f90:176;OMP-LOOP;Thread 15:1;1200;122.807263;122.830042
!$omp do @amspec_mpi.f90:176;OMP-LOOP;Thread 16:1;1500;115.655012;115.669229
!$omp do @amspec_mpi.f90:176;OMP-LOOP;Thread 17:1;1351;112.685814;112.702759
!$omp do @amspec_mpi.f90:176;OMP-LOOP;Thread 18:1;1200;117.402830;117.418142
!$omp do @amspec_mpi.f90:176;OMP-LOOP;Thread 19:1;1200;118.684780;118.702699
!$omp do @amspec_mpi.f90:176;OMP-LOOP;Thread 20:1;1217;115.295002;115.311071
!$omp do @amspec_mpi.f90:176;OMP-LOOP;Thread 21:1;1200;121.180511;121.198196
!$omp do @amspec_mpi.f90:176;OMP-LOOP;Thread 22:1;1200;120.668560;120.697450
!$omp do @amspec_mpi.f90:176;OMP-LOOP;Thread 23:1;1200;123.258177;123.302121
!$omp do @amspec_mpi.f90:176;OMP-LOOP;Thread 24:1;1202;114.802998;114.825607
!$omp do @amspec_mpi.f90:176;OMP-LOOP;Thread 25:1;1198;124.590535;124.608090
!$omp do @amspec_mpi.f90:176;OMP-LOOP;Thread 26:1;1200;124.063160;124.114208
!$omp do @amspec_mpi.f90:176;OMP-LOOP;Thread 27:1;1200;122.762151;122.777272
!$omp do @amspec_mpi.f90:176;OMP-LOOP;Thread 28:1;1500;114.443822;114.467831
!$omp do @amspec_mpi.f90:176;OMP-LOOP;Thread 29:1;1377;110.768006;110.787820
!$omp do @amspec_mpi.f90:176;OMP-LOOP;Thread 30:1;1200;121.957820;121.974478
!$omp do @amspec_mpi.f90:176;OMP-LOOP;Thread 31:1;1200;124.463087;124.479294
!$omp parallel @amspec_mpi.f90:176;OMP;Process 1;1322;0.003934;117.009214
!$omp parallel @amspec_mpi.f90:176;OMP;Process 2;1174;0.003502;113.671049
!$omp parallel @amspec_mpi.f90:176;OMP;Process 3;1199;0.004488;113.143335
!$omp parallel @amspec_mpi.f90:176;OMP;Process 4;1350;0.005108;116.726201
!$omp parallel @amspec_mpi.f90:176;OMP;Process 5;1351;0.004312;114.693674
!$omp parallel @amspec_mpi.f90:176;OMP;Process 6;1200;0.005327;123.241221
!$omp parallel @amspec_mpi.f90:176;OMP;Process 7;1050;0.004229;126.479378
!$omp parallel @amspec_mpi.f90:176;OMP;Process 8;1209;0.003885;115.067449
!$omp parallel @amspec_mpi.f90:176;OMP;Process 9;1200;0.004889;121.812955
!$omp parallel @amspec_mpi.f90:176;OMP;Process 10;1200;0.003545;114.758515
!$omp parallel @amspec_mpi.f90:176;OMP;Process 11;1200;0.004408;115.836221
!$omp parallel @amspec_mpi.f90:176;OMP;Process 12;1200;0.004908;117.433107
!$omp parallel @amspec_mpi.f90:176;OMP;Process 13;1200;0.003747;115.334805
!$omp parallel @amspec_mpi.f90:176;OMP;Process 14;1200;0.003853;120.615642
!$omp parallel @amspec_mpi.f90:176;OMP;Process 15;1200;0.004759;122.316345
!$omp parallel @amspec_mpi.f90:176;OMP;Process 16;1500;0.004293;115.449207
!$omp parallel @amspec_mpi.f90:176;OMP;Process 17;1351;0.005418;112.516574
!$omp parallel @amspec_mpi.f90:176;OMP;Process 18;1200;0.003904;117.103825
!$omp parallel @amspec_mpi.f90:176;OMP;Process 19;1200;0.004751;118.252822
!$omp parallel @amspec_mpi.f90:176;OMP;Process 20;1217;0.004585;114.919523
!$omp parallel @amspec_mpi.f90:176;OMP;Process 21;1200;0.004689;120.752288
!$omp parallel @amspec_mpi.f90:176;OMP;Process 22;1200;0.003914;120.348805
!$omp parallel @amspec_mpi.f90:176;OMP;Process 23;1200;0.004826;122.799366
!$omp parallel @amspec_mpi.f90:176;OMP;Process 24;1202;0.005121;114.396092
!$omp parallel @amspec_mpi.f90:176;OMP;Process 25;1198;0.004742;124.128679
!$omp parallel @amspec_mpi.f90:176;OMP;Process 26;1200;0.004314;123.547800
!$omp parallel @amspec_mpi.f90:176;OMP;Process 27;1200;0.003674;122.489970
!$omp parallel @amspec_mpi.f90:176;OMP;Process 28;1500;0.004370;114.226802
!$omp parallel @amspec_mpi.f90:176;OMP;Process 29;1377;0.005071;110.607473
!$omp parallel @amspec_mpi.f90:176;OMP;Process 30;1200;0.003647;121.661690
!$omp parallel @amspec_mpi.f90:176;OMP;Process 31;1200;0.004628;123.996070
!$omp parallel @amspec_mpi.f90:176;OMP;Thread 1:1;1322;0.004255;117.547161
!$omp parallel @amspec_mpi.f90:176;OMP;Thread 2:1;1174;0.004693;114.008832
!$omp parallel @amspec_mpi.f90:176;OMP;Thread 3:1;1199;0.007040;113.777218
!$omp parallel @amspec_mpi.f90:176;OMP;Thread 4:1;1350;0.006193;116.912146
!$omp parallel @amspec_mpi.f90:176;OMP;Thread 5:1;1351;0.004584;115.009127
!$omp parallel @amspec_mpi.f90:176;OMP;Thread 6:1;1200;0.006415;123.776080
!$omp parallel @amspec_mpi.f90:176;OMP;Thread 7:1;1050;0.005376;126.719285
!$omp parallel @amspec_mpi.f90:176;OMP;Thread 8:1;1209;0.006268;115.526003
!$omp parallel @amspec_mpi.f90:176;OMP;Thread 9:1;1200;0.007033;122.253858
!$omp parallel @amspec_mpi.f90:176;OMP;Thread 10:1;1200;0.005345;115.080450
!$omp parallel @amspec_mpi.f90:176;OMP;Thread 11:1;1200;0.005820;116.290120
!$omp parallel @amspec_mpi.f90:176;OMP;Thread 12:1;1200;0.007650;117.874110
!$omp parallel @amspec_mpi.f90:176;OMP;Thread 13:1;1200;0.005097;115.626014
!$omp parallel @amspec_mpi.f90:176;OMP;Thread 14:1;1200;0.006752;120.901575
!$omp parallel @amspec_mpi.f90:176;OMP;Thread 15:1;1200;0.006290;122.836332
!$omp parallel @amspec_mpi.f90:176;OMP;Thread 16:1;1500;0.005706;115.674935
!$omp parallel @amspec_mpi.f90:176;OMP;Thread 17:1;1351;0.005836;112.708594
!$omp parallel @amspec_mpi.f90:176;OMP;Thread 18:1;1200;0.005578;117.423719
!$omp parallel @amspec_mpi.f90:176;OMP;Thread 19:1;1200;0.006301;118.709000
!$omp parallel @amspec_mpi.f90:176;OMP;Thread 20:1;1217;0.007411;115.318481
!$omp parallel @amspec_mpi.f90:176;OMP;Thread 21:1;1200;0.006391;121.204587
!$omp parallel @amspec_mpi.f90:176;OMP;Thread 22:1;1200;0.005965;120.703415
!$omp parallel @amspec_mpi.f90:176;OMP;Thread 23:1;1200;0.007233;123.309354
!$omp parallel @amspec_mpi.f90:176;OMP;Thread 24:1;1202;0.007096;114.832702
!$omp parallel @amspec_mpi.f90:176;OMP;Thread 25:1;1198;0.006767;124.614857
!$omp parallel @amspec_mpi.f90:176;OMP;Thread 26:1;1200;0.005921;124.120128
!$omp parallel @amspec_mpi.f90:176;OMP;Thread 27:1;1200;0.006457;122.783729
!$omp parallel @amspec_mpi.f90:176;OMP;Thread 28:1;1500;0.005119;114.472950
!$omp parallel @amspec_mpi.f90:176;OMP;Thread 29:1;1377;0.007097;110.794917
!$omp parallel @amspec_mpi.f90:176;OMP;Thread 30:1;1200;0.006347;121.980825
!$omp parallel @amspec_mpi.f90:176;OMP;Thread 31:1;1200;0.006143;124.485437
!$omp ibarrier @amspec_mpi.f90:191;OMP-SYNC;Process 1;1322;0.034435;0.034435
!$omp ibarrier @amspec_mpi.f90:191;OMP-SYNC;Process 2;1174;5.153232;5.153232
!$omp ibarrier @amspec_mpi.f90:191;OMP-SYNC;Process 3;1199;13.676941;13.676941
!$omp ibarrier @amspec_mpi.f90:191;OMP-SYNC;Process 4;1350;14.823123;14.823123
!$omp ibarrier @amspec_mpi.f90:191;OMP-SYNC;Process 5;1351;8.884805;8.884805
!$omp ibarrier @amspec_mpi.f90:191;OMP-SYNC;Process 6;1200;5.231390;5.231390
!$omp ibarrier @amspec_mpi.f90:191;OMP-SYNC;Process 7;1050;0.018513;0.018513
!$omp ibarrier @amspec_mpi.f90:191;OMP-SYNC;Process 8;1209;16.579038;16.579038
!$omp ibarrier @amspec_mpi.f90:191;OMP-SYNC;Process 9;1200;21.023467;21.023467
!$omp ibarrier @amspec_mpi.f90:191;OMP-SYNC;Process 10;1200;18.639332;18.639332
!$omp ibarrier @amspec_mpi.f90:191;OMP-SYNC;Process 11;1200;18.144567;18.144567
!$omp ibarrier @amspec_mpi.f90:191;OMP-SYNC;Process 12;1200;13.748560;13.748560
!$omp ibarrier @amspec_mpi.f90:191;OMP-SYNC;Process 13;1200;13.329742;13.329742
!$omp ibarrier @amspec_mpi.f90:191;OMP-SYNC;Process 14;1200;9.173490;9.173490
!$omp ibarrier @amspec_mpi.f90:191;OMP-SYNC;Process 15;1200;18.131434;18.131434
!$omp ibarrier @amspec_mpi.f90:191;OMP-SYNC;Process 16;1500;2.040025;2.040025
!$omp ibarrier @amspec_mpi.f90:191;OMP-SYNC;Process 17;1351;6.100153;6.100153
!$omp ibarrier @amspec_mpi.f90:191;OMP-SYNC;Process 18;1200;2.604753;2.604753
!$omp ibarrier @amspec_mpi.f90:191;OMP-SYNC;Process 19;1200;11.887845;11.887845
!$omp ibarrier @amspec_mpi.f90:191;OMP-SYNC;Process 20;1217;10.763853;10.763853
!$omp ibarrier @amspec_mpi.f90:191;OMP-SYNC;Process 21;1200;18.682960;18.682960
!$omp ibarrier @amspec_mpi.f90:191;OMP-SYNC;Process 22;1200;10.993431;10.993431
!$omp ibarrier @amspec_mpi.f90:191;OMP-SYNC;Process 23;1200;16.636213;16.636213
!$omp ibarrier @amspec_mpi.f90:191;OMP-SYNC;Process 24;1202;3.056089;3.056089
!$omp ibarrier @amspec_mpi.f90:191;OMP-SYNC;Process 25;1198;17.853638;17.853638
!$omp ibarrier @amspec_mpi.f90:191;OMP-SYNC;Process 26;1200;14.927009;14.927009
!$omp ibarrier @amspec_mpi.f90:191;OMP-SYNC;Process 27;1200;16.420846;16.420846
!$omp ibarrier @amspec_mpi.f90:191;OMP-SYNC;Process 28;1500;2.951597;2.951597
!$omp ibarrier @amspec_mpi.f90:191;OMP-SYNC;Process 29;1377;2.726588;2.726588
!$omp ibarrier @amspec_mpi.f90:191;OMP-SYNC;Process 30;1200;9.990802;9.990802
!$omp ibarrier @amspec_mpi.f90:191;OMP-SYNC;Process 31;1200;13.184245;13.184245
!$omp ibarrier @amspec_mpi.f90:191;OMP-SYNC;Thread 1:1;1322;6.324291;6.324291
!$omp ibarrier @amspec_mpi.f90:191;OMP-SYNC;Thread 2:1;1174;1.542706;1.542706
!$omp ibarrier @amspec_mpi.f90:191;OMP-SYNC;Thread 3:1;1199;0.088566;0.088566
!$omp ibarrier @amspec_mpi.f90:191;OMP-SYNC;Thread 4:1;1350;0.016776;0.016776
!$omp ibarrier @amspec_mpi.f90:191;OMP-SYNC;Thread 5:1;1351;0.017468;0.017468
!$omp ibarrier @amspec_mpi.f90:191;OMP-SYNC;Thread 6:1;1200;0.025375;0.025375
!$omp ibarrier @amspec_mpi.f90:191;OMP-SYNC;Thread 7:1;1050;21.635707;21.635707
!$omp ibarrier @amspec_mpi.f90:191;OMP-SYNC;Thread 8:1;1209;0.066199;0.066199
!$omp ibarrier @amspec_mpi.f90:191;OMP-SYNC;Thread 9:1;1200;0.016960;0.016960
!$omp ibarrier @amspec_mpi.f90:191;OMP-SYNC;Thread 10:1;1200;0.024767;0.024767
!$omp ibarrier @amspec_mpi.f90:191;OMP-SYNC;Thread 11:1;1200;0.023667;0.023667
!$omp ibarrier @amspec_mpi.f90:191;OMP-SYNC;Thread 12:1;1200;0.017462;0.017462
!$omp ibarrier @amspec_mpi.f90:191;OMP-SYNC;Thread 13:1;1200;0.014339;0.014339
!$omp ibarrier @amspec_mpi.f90:191;OMP-SYNC;Thread 14:1;1200;0.014756;0.014756
!$omp ibarrier @amspec_mpi.f90:191;OMP-SYNC;Thread 15:1;1200;0.022779;0.022779
!$omp ibarrier @amspec_mpi.f90:191;OMP-SYNC;Thread 16:1;1500;0.014217;0.014217
!$omp ibarrier @amspec_mpi.f90:191;OMP-SYNC;Thread 17:1;1351;0.016945;0.016945
!$omp ibarrier @amspec_mpi.f90:191;OMP-SYNC;Thread 18:1;1200;0.015312;0.015312
!$omp ibarrier @amspec_mpi.f90:191;OMP-SYNC;Thread 19:1;1200;0.017919;0.017919
!$omp ibarrier @amspec_mpi.f90:191;OMP-SYNC;Thread 20:1;1217;0.016069;0.016069
!$omp ibarrier @amspec_mpi.f90:191;OMP-SYNC;Thread 21:1;1200;0.017685;0.017685
!$omp ibarrier @amspec_mpi.f90:191;OMP-SYNC;Thread 22:1;1200;0.028891;0.028891
!$omp ibarrier @amspec_mpi.f90:191;OMP-SYNC;Thread 23:1;1200;0.043944;0.043944
!$omp ibarrier @amspec_mpi.f90:191;OMP-SYNC;Thread 24:1;1202;0.022609;0.022609
!$omp ibarrier @amspec_mpi.f90:191;OMP-SYNC;Thread 25:1;1198;0.017554;0.017554
!$omp ibarrier @amspec_mpi.f90:191;OMP-SYNC;Thread 26:1;1200;0.051048;0.051048
!$omp ibarrier @amspec_mpi.f90:191;OMP-SYNC;Thread 27:1;1200;0.015120;0.015120
!$omp ibarrier @amspec_mpi.f90:191;OMP-SYNC;Thread 28:1;1500;0.024009;0.024009
!$omp ibarrier @amspec_mpi.f90:191;OMP-SYNC;Thread 29:1;1377;0.019814;0.019814
!$omp ibarrier @amspec_mpi.f90:191;OMP-SYNC;Thread 30:1;1200;0.016657;0.016657
!$omp ibarrier @amspec_mpi.f90:191;OMP-SYNC;Thread 31:1;1200;0.016207;0.016207
!$omp do @amspec_mpi.f90:193;OMP-LOOP;Process 1;1322;0.343848;0.439873
!$omp do @amspec_mpi.f90:193;OMP-LOOP;Process 2;1174;0.348929;0.490341
!$omp do @amspec_mpi.f90:193;OMP-LOOP;Process 3;1199;0.413635;0.509235
!$omp do @amspec_mpi.f90:193;OMP-LOOP;Process 4;1350;0.359576;0.443058
!$omp do @amspec_mpi.f90:193;OMP-LOOP;Process 5;1351;0.353622;0.442669
!$omp do @amspec_mpi.f90:193;OMP-LOOP;Process 6;1200;0.434264;0.579085
!$omp do @amspec_mpi.f90:193;OMP-LOOP;Process 7;1050;0.314843;0.452574
!$omp do @amspec_mpi.f90:193;OMP-LOOP;Process 8;1209;0.395534;0.526828
!$omp do @amspec_mpi.f90:193;OMP-LOOP;Process 9;1200;0.400960;0.531006
!$omp do @amspec_mpi.f90:193;OMP-LOOP;Process 10;1200;0.348865;0.482999
!$omp do @amspec_mpi.f90:193;OMP-LOOP;Process 11;1200;0.399345;0.511796
!$omp do @amspec_mpi.f90:193;OMP-LOOP;Process 12;1200;0.407512;0.536002
!$omp do @amspec_mpi.f90:193;OMP-LOOP;Process 13;1200;0.392091;0.458887
!$omp do @amspec_mpi.f90:193;OMP-LOOP;Process 14;1200;0.352768;0.471776
!$omp do @amspec_mpi.f90:193;OMP-LOOP;Process 15;1200;0.455573;0.523289
!$omp do @amspec_mpi.f90:193;OMP-LOOP;Process 16;1500;0.396279;0.495185
!$omp do @amspec_mpi.f90:193;OMP-LOOP;Process 17;1351;0.347285;0.444367
!$omp do @amspec_mpi.f90:193;OMP-LOOP;Process 18;1200;0.348424;0.486464
!$omp do @amspec_mpi.f90:193;OMP-LOOP;Process 19;1200;0.428244;0.514446
!$omp do @amspec_mpi.f90:193;OMP-LOOP;Process 20;1217;0.393265;0.536785
!$omp do @amspec_mpi.f90:193;OMP-LOOP;Process 21;1200;0.428070;0.518735
!$omp do @amspec_mpi.f90:193;OMP-LOOP;Process 22;1200;0.359044;0.496809
!$omp do @amspec_mpi.f90:193;OMP-LOOP;Process 23;1200;0.443988;0.516324
!$omp do @amspec_mpi.f90:193;OMP-LOOP;Process 24;1202;0.407497;0.532667
!$omp do @amspec_mpi.f90:193;OMP-LOOP;Process 25;1198;0.428589;0.521292
!$omp do @amspec_mpi.f90:193;OMP-LOOP;Process 26;1200;0.396641;0.529812
!$omp do @amspec_mpi.f90:193;OMP-LOOP;Process 27;1200;0.359698;0.482215
!$omp do @amspec_mpi.f90:193;OMP-LOOP;Process 28;1500;0.387032;0.490322
!$omp do @amspec_mpi.f90:193;OMP-LOOP;Process 29;1377;0.373341;0.454189
!$omp do @amspec_mpi.f90:193;OMP-LOOP;Process 30;1200;0.374283;0.502506
!$omp do @amspec_mpi.f90:193;OMP-LOOP;Process 31;1200;0.413502;0.531341
!$omp do @amspec_mpi.f90:193;OMP-LOOP;Thread 1:1;1322;0.420373;0.437925
!$omp do @amspec_mpi.f90:193;OMP-LOOP;Thread 2:1;1174;0.466922;0.484281
!$omp do @amspec_mpi.f90:193;OMP-LOOP;Thread 3:1;1199;0.471699;0.506180
!$omp do @amspec_mpi.f90:193;OMP-LOOP;Thread 4:1;1350;0.412707;0.440876
!$omp do @amspec_mpi.f90:193;OMP-LOOP;Thread 5:1;1351;0.423845;0.442115
!$omp do @amspec_mpi.f90:193;OMP-LOOP;Thread 6:1;1200;0.558585;0.574180
!$omp do @amspec_mpi.f90:193;OMP-LOOP;Thread 7:1;1050;0.435649;0.449952
!$omp do @amspec_mpi.f90:193;OMP-LOOP;Thread 8:1;1209;0.504687;0.523214
!$omp do @amspec_mpi.f90:193;OMP-LOOP;Thread 9:1;1200;0.508143;0.528834
!$omp do @amspec_mpi.f90:193;OMP-LOOP;Thread 10:1;1200;0.458292;0.479921
!$omp do @amspec_mpi.f90:193;OMP-LOOP;Thread 11:1;1200;0.482720;0.509869
!$omp do @amspec_mpi.f90:193;OMP-LOOP;Thread 12:1;1200;0.512776;0.532657
!$omp do @amspec_mpi.f90:193;OMP-LOOP;Thread 13:1;1200;0.424328;0.455522
!$omp do @amspec_mpi.f90:193;OMP-LOOP;Thread 14:1;1200;0.447566;0.468333
!$omp do @amspec_mpi.f90:193;OMP-LOOP;Thread 15:1;1200;0.481453;0.518961
!$omp do @amspec_mpi.f90:193;OMP-LOOP;Thread 16:1;1500;0.468493;0.492622
!$omp do @amspec_mpi.f90:193;OMP-LOOP;Thread 17:1;1351;0.427905;0.442350
!$omp do @amspec_mpi.f90:193;OMP-LOOP;Thread 18:1;1200;0.464795;0.483393
!$omp do @amspec_mpi.f90:193;OMP-LOOP;Thread 19:1;1200;0.473563;0.510924
!$omp do @amspec_mpi.f90:193;OMP-LOOP;Thread 20:1;1217;0.519035;0.534994
!$omp do @amspec_mpi.f90:193;OMP-LOOP;Thread 21:1;1200;0.480718;0.515080
!$omp do @amspec_mpi.f90:193;OMP-LOOP;Thread 22:1;1200;0.477411;0.493237
!$omp do @amspec_mpi.f90:193;OMP-LOOP;Thread 23:1;1200;0.472012;0.511957
!$omp do @amspec_mpi.f90:193;OMP-LOOP;Thread 24:1;1202;0.510838;0.528862
!$omp do @amspec_mpi.f90:193;OMP-LOOP;Thread 25:1;1198;0.484355;0.517619
!$omp do @amspec_mpi.f90:193;OMP-LOOP;Thread 26:1;1200;0.508431;0.528117
!$omp do @amspec_mpi.f90:193;OMP-LOOP;Thread 27:1;1200;0.454303;0.477847
!$omp do @amspec_mpi.f90:193;OMP-LOOP;Thread 28:1;1500;0.474542;0.489694
!$omp do @amspec_mpi.f90:193;OMP-LOOP;Thread 29:1;1377;0.418283;0.450837
!$omp do @amspec_mpi.f90:193;OMP-LOOP;Thread 30:1;1200;0.479628;0.499713
!$omp do @amspec_mpi.f90:193;OMP-LOOP;Thread 31:1;1200;0.502616;0.527014
!$omp parallel @amspec_mpi.f90:193;OMP;Process 1;1322;0.001361;0.441234
!$omp parallel @amspec_mpi.f90:193;OMP;Process 2;1174;0.001444;0.491785
!$omp parallel @amspec_mpi.f90:193;OMP;Process 3;1199;0.001508;0.510743
!$omp parallel @amspec_mpi.f90:193;OMP;Process 4;1350;0.001809;0.444867
!$omp parallel @amspec_mpi.f90:193;OMP;Process 5;1351;0.001594;0.444262
!$omp parallel @amspec_mpi.f90:193;OMP;Process 6;1200;0.001696;0.580780
!$omp parallel @amspec_mpi.f90:193;OMP;Process 7;1050;0.001635;0.454209
!$omp parallel @amspec_mpi.f90:193;OMP;Process 8;1209;0.001512;0.528340
!$omp parallel @amspec_mpi.f90:193;OMP;Process 9;1200;0.001863;0.532870
!$omp parallel @amspec_mpi.f90:193;OMP;Process 10;1200;0.001296;0.484295
!$omp parallel @amspec_mpi.f90:193;OMP;Process 11;1200;0.001620;0.513416
!$omp parallel @amspec_mpi.f90:193;OMP;Process 12;1200;0.001704;0.537706
!$omp parallel @amspec_mpi.f90:193;OMP;Process 13;1200;0.001246;0.460133
!$omp parallel @amspec_mpi.f90:193;OMP;Process 14;1200;0.001424;0.473200
!$omp parallel @amspec_mpi.f90:193;OMP;Process 15;1200;0.001416;0.524705
!$omp parallel @amspec_mpi.f90:193;OMP;Process 16;1500;0.001983;0.497169
!$omp parallel @amspec_mpi.f90:193;OMP;Process 17;1351;0.002232;0.446599
!$omp parallel @amspec_mpi.f90:193;OMP;Process 18;1200;0.001498;0.487963
!$omp parallel @amspec_mpi.f90:193;OMP;Process 19;1200;0.001607;0.516053
!$omp parallel @amspec_mpi.f90:193;OMP;Process 20;1217;0.001837;0.538623
!$omp parallel @amspec_mpi.f90:193;OMP;Process 21;1200;0.001402;0.520136
!$omp parallel @amspec_mpi.f90:193;OMP;Process 22;1200;0.001670;0.498479
!$omp parallel @amspec_mpi.f90:193;OMP;Process 23;1200;0.001423;0.517747
!$omp parallel @amspec_mpi.f90:193;OMP;Process 24;1202;0.001870;0.534537
!$omp parallel @amspec_mpi.f90:193;OMP;Process 25;1198;0.001456;0.522748
!$omp parallel @amspec_mpi.f90:193;OMP;Process 26;1200;0.001695;0.531507
!$omp parallel @amspec_mpi.f90:193;OMP;Process 27;1200;0.001179;0.483393
!$omp parallel @amspec_mpi.f90:193;OMP;Process 28;1500;0.001944;0.492267
!$omp parallel @amspec_mpi.f90:193;OMP;Process 29;1377;0.001953;0.456142
!$omp parallel @amspec_mpi.f90:193;OMP;Process 30;1200;0.001534;0.504040
!$omp parallel @amspec_mpi.f90:193;OMP;Process 31;1200;0.001775;0.533116
!$omp parallel @amspec_mpi.f90:193;OMP;Thread 1:1;1322;0.003756;0.441681
!$omp parallel @amspec_mpi.f90:193;OMP;Thread 2:1;1174;0.003746;0.488027
!$omp parallel @amspec_mpi.f90:193;OMP;Thread 3:1;1199;0.004359;0.510539
!$omp parallel @amspec_mpi.f90:193;OMP;Thread 4:1;1350;0.004570;0.445445
!$omp parallel @amspec_mpi.f90:193;OMP;Thread 5:1;1351;0.003252;0.445368
!$omp parallel @amspec_mpi.f90:193;OMP;Thread 6:1;1200;0.006382;0.580562
!$omp parallel @amspec_mpi.f90:193;OMP;Thread 7:1;1050;0.003798;0.453750
!$omp parallel @amspec_mpi.f90:193;OMP;Thread 8:1;1209;0.004862;0.528076
!$omp parallel @amspec_mpi.f90:193;OMP;Thread 9:1;1200;0.004529;0.533362
!$omp parallel @amspec_mpi.f90:193;OMP;Thread 10:1;1200;0.004312;0.484233
!$omp parallel @amspec_mpi.f90:193;OMP;Thread 11:1;1200;0.004139;0.514008
!$omp parallel @amspec_mpi.f90:193;OMP;Thread 12:1;1200;0.005342;0.537999
!$omp parallel @amspec_mpi.f90:193;OMP;Thread 13:1;1200;0.004204;0.459725
!$omp parallel @amspec_mpi.f90:193;OMP;Thread 14:1;1200;0.004425;0.472758
!$omp parallel @amspec_mpi.f90:193;OMP;Thread 15:1;1200;0.004851;0.523812
!$omp parallel @amspec_mpi.f90:193;OMP;Thread 16:1;1500;0.004199;0.496821
!$omp parallel @amspec_mpi.f90:193;OMP;Thread 17:1;1351;0.004316;0.446666
!$omp parallel @amspec_mpi.f90:193;OMP;Thread 18:1;1200;0.004362;0.487755
!$omp parallel @amspec_mpi.f90:193;OMP;Thread 19:1;1200;0.004440;0.515363
!$omp parallel @amspec_mpi.f90:193;OMP;Thread 20:1;1217;0.004573;0.539566
!$omp parallel @amspec_mpi.f90:193;OMP;Thread 21:1;1200;0.005116;0.520195
!$omp parallel @amspec_mpi.f90:193;OMP;Thread 22:1;1200;0.004647;0.497884
!$omp parallel @amspec_mpi.f90:193;OMP;Thread 23:1;1200;0.004621;0.516578
!$omp parallel @amspec_mpi.f90:193;OMP;Thread 24:1;1202;0.005885;0.534747
!$omp parallel @amspec_mpi.f90:193;OMP;Thread 25:1;1198;0.004979;0.522598
!$omp parallel @amspec_mpi.f90:193;OMP;Thread 26:1;1200;0.004759;0.532875
!$omp parallel @amspec_mpi.f90:193;OMP;Thread 27:1;1200;0.004948;0.482795
!$omp parallel @amspec_mpi.f90:193;OMP;Thread 28:1;1500;0.003438;0.493132
!$omp parallel @amspec_mpi.f90:193;OMP;Thread 29:1;1377;0.005192;0.456029
!$omp parallel @amspec_mpi.f90:193;OMP;Thread 30:1;1200;0.004640;0.504353
!$omp parallel @amspec_mpi.f90:193;OMP;Thread 31:1;1200;0.005431;0.532445
!$omp ibarrier @amspec_mpi.f90:202;OMP-SYNC;Process 1;1322;0.096025;0.096025
!$omp ibarrier @amspec_mpi.f90:202;OMP-SYNC;Process 2;1174;0.141412;0.141412
!$omp ibarrier @amspec_mpi.f90:202;OMP-SYNC;Process 3;1199;0.095600;0.095600
!$omp ibarrier @amspec_mpi.f90:202;OMP-SYNC;Process 4;1350;0.083483;0.083483
!$omp ibarrier @amspec_mpi.f90:202;OMP-SYNC;Process 5;1351;0.089047;0.089047
!$omp ibarrier @amspec_mpi.f90:202;OMP-SYNC;Process 6;1200;0.144821;0.144821
!$omp ibarrier @amspec_mpi.f90:202;OMP-SYNC;Process 7;1050;0.137731;0.137731
!$omp ibarrier @amspec_mpi.f90:202;OMP-SYNC;Process 8;1209;0.131294;0.131294
!$omp ibarrier @amspec_mpi.f90:202;OMP-SYNC;Process 9;1200;0.130047;0.130047
!$omp ibarrier @amspec_mpi.f90:202;OMP-SYNC;Process 10;1200;0.134135;0.134135
!$omp ibarrier @amspec_mpi.f90:202;OMP-SYNC;Process 11;1200;0.112451;0.112451
!$omp ibarrier @amspec_mpi.f90:202;OMP-SYNC;Process 12;1200;0.128490;0.128490
!$omp ibarrier @amspec_mpi.f90:202;OMP-SYNC;Process 13;1200;0.066796;0.066796
!$omp ibarrier @amspec_mpi.f90:202;OMP-SYNC;Process 14;1200;0.119008;0.119008
!$omp ibarrier @amspec_mpi.f90:202;OMP-SYNC;Process 15;1200;0.067717;0.067717
!$omp ibarrier @amspec_mpi.f90:202;OMP-SYNC;Process 16;1500;0.098906;0.098906
!$omp ibarrier @amspec_mpi.f90:202;OMP-SYNC;Process 17;1351;0.097082;0.097082
!$omp ibarrier @amspec_mpi.f90:202;OMP-SYNC;Process 18;1200;0.138041;0.138041
!$omp ibarrier @amspec_mpi.f90:202;OMP-SYNC;Process 19;1200;0.086202;0.086202
!$omp ibarrier @amspec_mpi.f90:202;OMP-SYNC;Process 20;1217;0.143521;0.143521
!$omp ibarrier @amspec_mpi.f90:202;OMP-SYNC;Process 21;1200;0.090665;0.090665
!$omp ibarrier @amspec_mpi.f90:202;OMP-SYNC;Process 22;1200;0.137764;0.137764
!$omp ibarrier @amspec_mpi.f90:202;OMP-SYNC;Process 23;1200;0.072335;0.072335
!$omp ibarrier @amspec_mpi.f90:202;OMP-SYNC;Process 24;1202;0.125170;0.125170
!$omp ibarrier @amspec_mpi.f90:202;OMP-SYNC;Process 25;1198;0.092703;0.092703
!$omp ibarrier @amspec_mpi.f90:202;OMP-SYNC;Process 26;1200;0.133171;0.133171
!$omp ibarrier @amspec_mpi.f90:202;OMP-SYNC;Process 27;1200;0.122517;0.122517
!$omp ibarrier @amspec_mpi.f90:202;OMP-SYNC;Process 28;1500;0.103290;0.103290
!$omp ibarrier @amspec_mpi.f90:202;OMP-SYNC;Process 29;1377;0.080848;0.080848
!$omp ibarrier @amspec_mpi.f90:202;OMP-SYNC;Process 30;1200;0.128223;0.128223
!$omp ibarrier @amspec_mpi.f90:202;OMP-SYNC;Process 31;1200;0.117839;0.117839
!$omp ibarrier @amspec_mpi.f90:202;OMP-SYNC;Thread 1:1;1322;0.017551;0.017551
!$omp ibarrier @amspec_mpi.f90:202;OMP-SYNC;Thread 2:1;1174;0.017359;0.017359
!$omp ibarrier @amspec_mpi.f90:202;OMP-SYNC;Thread 3:1;1199;0.034480;0.034480
!$omp ibarrier @amspec_mpi.f90:202;OMP-SYNC;Thread 4:1;1350;0.028169;0.028169
!$omp ibarrier @amspec_mpi.f90:202;OMP-SYNC;Thread 5:1;1351;0.018270;0.018270
!$omp ibarrier @amspec_mpi.f90:202;OMP-SYNC;Thread 6:1;1200;0.015595;0.015595
!$omp ibarrier @amspec_mpi.f90:202;OMP-SYNC;Thread 7:1;1050;0.014303;0.014303
!$omp ibarrier @amspec_mpi.f90:202;OMP-SYNC;Thread 8:1;1209;0.018527;0.018527
!$omp ibarrier @amspec_mpi.f90:202;OMP-SYNC;Thread 9:1;1200;0.020690;0.020690
!$omp ibarrier @amspec_mpi.f90:202;OMP-SYNC;Thread 10:1;1200;0.021629;0.021629
!$omp ibarrier @amspec_mpi.f90:202;OMP-SYNC;Thread 11:1;1200;0.027149;0.027149
!$omp ibarrier @amspec_mpi.f90:202;OMP-SYNC;Thread 12:1;1200;0.019881;0.019881
!$omp ibarrier @amspec_mpi.f90:202;OMP-SYNC;Thread 13:1;1200;0.031193;0.031193
!$omp ibarrier @amspec_mpi.f90:202;OMP-SYNC;Thread 14:1;1200;0.020767;0.020767
!$omp ibarrier @amspec_mpi.f90:202;OMP-SYNC;Thread 15:1;1200;0.037508;0.037508
!$omp ibarrier @amspec_mpi.f90:202;OMP-SYNC;Thread 16:1;1500;0.024129;0.024129
!$omp ibarrier @amspec_mpi.f90:202;OMP-SYNC;Thread 17:1;1351;0.014445;0.014445
!$omp ibarrier @amspec_mpi.f90:202;OMP-SYNC;Thread 18:1;1200;0.018598;0.018598
!$omp ibarrier @amspec_mpi.f90:202;OMP-SYNC;Thread 19:1;1200;0.037361;0.037361
!$omp ibarrier @amspec_mpi.f90:202;OMP-SYNC;Thread 20:1;1217;0.015959;0.015959
!$omp ibarrier @amspec_mpi.f90:202;OMP-SYNC;Thread 21:1;1200;0.034362;0.034362
!$omp ibarrier @amspec_mpi.f90:202;OMP-SYNC;Thread 22:1;1200;0.015826;0.015826
!$omp ibarrier @amspec_mpi.f90:202;OMP-SYNC;Thread 23:1;1200;0.039946;0.039946
!$omp ibarrier @amspec_mpi.f90:202;OMP-SYNC;Thread 24:1;1202;0.018024;0.018024
!$omp ibarrier @amspec_mpi.f90:202;OMP-SYNC;Thread 25:1;1198;0.033264;0.033264
!$omp ibarrier @amspec_mpi.f90:202;OMP-SYNC;Thread 26:1;1200;0.019686;0.019686
!$omp ibarrier @amspec_mpi.f90:202;OMP-SYNC;Thread 27:1;1200;0.023544;0.023544
!$omp ibarrier @amspec_mpi.f90:202;OMP-SYNC;Thread 28:1;1500;0.015151;0.015151
!$omp ibarrier @amspec_mpi.f90:202;OMP-SYNC;Thread 29:1;1377;0.032553;0.032553
!$omp ibarrier @amspec_mpi.f90:202;OMP-SYNC;Thread 30:1;1200;0.020085;0.020085
!$omp ibarrier @amspec_mpi.f90:202;OMP-SYNC;Thread 31:1;1200;0.024398;0.024398
!$omp do @amspec_mpi.f90:206;OMP-LOOP;Process 1;1322;0.006042;0.007827
!$omp do @amspec_mpi.f90:206;OMP-LOOP;Process 2;1174;0.004936;0.006444
!$omp do @amspec_mpi.f90:206;OMP-LOOP;Process 3;1199;0.005210;0.007130
!$omp do @amspec_mpi.f90:206;OMP-LOOP;Process 4;1350;0.007682;0.009837
!$omp do @amspec_mpi.f90:206;OMP-LOOP;Process 5;1351;0.005680;0.007320
!$omp do @amspec_mpi.f90:206;OMP-LOOP;Process 6;1200;0.005806;0.008424
!$omp do @amspec_mpi.f90:206;OMP-LOOP;Process 7;1050;0.005130;0.006861
!$omp do @amspec_mpi.f90:206;OMP-LOOP;Process 8;1209;0.005229;0.007391
!$omp do @amspec_mpi.f90:206;OMP-LOOP;Process 9;1200;0.005632;0.007320
!$omp do @amspec_mpi.f90:206;OMP-LOOP;Process 10;1200;0.005079;0.007337
!$omp do @amspec_mpi.f90:206;OMP-LOOP;Process 11;1200;0.005491;0.007598
!$omp do @amspec_mpi.f90:206;OMP-LOOP;Process 12;1200;0.005626;0.008280
!$omp do @amspec_mpi.f90:206;OMP-LOOP;Process 13;1200;0.005104;0.007090
!$omp do @amspec_mpi.f90:206;OMP-LOOP;Process 14;1200;0.004912;0.006643
!$omp do @amspec_mpi.f90:206;OMP-LOOP;Process 15;1200;0.005717;0.007700
!$omp do @amspec_mpi.f90:206;OMP-LOOP;Process 16;1500;0.006272;0.008000
!$omp do @amspec_mpi.f90:206;OMP-LOOP;Process 17;1351;0.006901;0.008903
!$omp do @amspec_mpi.f90:206;OMP-LOOP;Process 18;1200;0.005047;0.006631
!$omp do @amspec_mpi.f90:206;OMP-LOOP;Process 19;1200;0.005165;0.007391
!$omp do @amspec_mpi.f90:206;OMP-LOOP;Process 20;1217;0.005572;0.007371
!$omp do @amspec_mpi.f90:206;OMP-LOOP;Process 21;1200;0.005541;0.008253
!$omp do @amspec_mpi.f90:206;OMP-LOOP;Process 22;1200;0.005093;0.006940
!$omp do @amspec_mpi.f90:206;OMP-LOOP;Process 23;1200;0.005499;0.007681
!$omp do @amspec_mpi.f90:206;OMP-LOOP;Process 24;1202;0.005469;0.007708
!$omp do @amspec_mpi.f90:206;OMP-LOOP;Process 25;1198;0.005272;0.007571
!$omp do @amspec_mpi.f90:206;OMP-LOOP;Process 26;1200;0.005458;0.007115
!$omp do @amspec_mpi.f90:206;OMP-LOOP;Process 27;1200;0.005003;0.007334
!$omp do @amspec_mpi.f90:206;OMP-LOOP;Process 28;1500;0.006250;0.007922
!$omp do @amspec_mpi.f90:206;OMP-LOOP;Process 29;1377;0.006889;0.008962
!$omp do @amspec_mpi.f90:206;OMP-LOOP;Process 30;1200;0.005177;0.007779
!$omp do @amspec_mpi.f90:206;OMP-LOOP;Process 31;1200;0.005442;0.007214
!$omp do @amspec_mpi.f90:206;OMP-LOOP;Thread 1:1;1322;0.005556;0.007758
!$omp do @amspec_mpi.f90:206;OMP-LOOP;Thread 2:1;1174;0.004343;0.006604
!$omp do @amspec_mpi.f90:206;OMP-LOOP;Thread 3:1;1199;0.004661;0.007028
!$omp do @amspec_mpi.f90:206;OMP-LOOP;Thread 4:1;1350;0.006683;0.010074
!$omp do @amspec_mpi.f90:206;OMP-LOOP;Thread 5:1;1351;0.005268;0.007432
!$omp do @amspec_mpi.f90:206;OMP-LOOP;Thread 6:1;1200;0.005961;0.008270
!$omp do @amspec_mpi.f90:206;OMP-LOOP;Thread 7:1;1050;0.004806;0.006978
!$omp do @amspec_mpi.f90:206;OMP-LOOP;Thread 8:1;1209;0.005129;0.007507
!$omp do @amspec_mpi.f90:206;OMP-LOOP;Thread 9:1;1200;0.004657;0.007291
!$omp do @amspec_mpi.f90:206;OMP-LOOP;Thread 10:1;1200;0.005463;0.007366
!$omp do @amspec_mpi.f90:206;OMP-LOOP;Thread 11:1;1200;0.005443;0.007709
!$omp do @amspec_mpi.f90:206;OMP-LOOP;Thread 12:1;1200;0.005955;0.008173
!$omp do @amspec_mpi.f90:206;OMP-LOOP;Thread 13:1;1200;0.005173;0.007080
!$omp do @amspec_mpi.f90:206;OMP-LOOP;Thread 14:1;1200;0.004665;0.006631
!$omp do @amspec_mpi.f90:206;OMP-LOOP;Thread 15:1;1200;0.005623;0.007796
!$omp do @amspec_mpi.f90:206;OMP-LOOP;Thread 16:1;1500;0.005285;0.008104
!$omp do @amspec_mpi.f90:206;OMP-LOOP;Thread 17:1;1351;0.005045;0.009417
!$omp do @amspec_mpi.f90:206;OMP-LOOP;Thread 18:1;1200;0.004773;0.006785
!$omp do @amspec_mpi.f90:206;OMP-LOOP;Thread 19:1;1200;0.005246;0.007493
!$omp do @amspec_mpi.f90:206;OMP-LOOP;Thread 20:1;1217;0.004719;0.007512
!$omp do @amspec_mpi.f90:206;OMP-LOOP;Thread 21:1;1200;0.006076;0.008211
!$omp do @amspec_mpi.f90:206;OMP-LOOP;Thread 22:1;1200;0.004755;0.007019
!$omp do @amspec_mpi.f90:206;OMP-LOOP;Thread 23:1;1200;0.005553;0.007744
!$omp do @amspec_mpi.f90:206;OMP-LOOP;Thread 24:1;1202;0.005529;0.007815
!$omp do @amspec_mpi.f90:206;OMP-LOOP;Thread 25:1;1198;0.005511;0.007684
!$omp do @amspec_mpi.f90:206;OMP-LOOP;Thread 26:1;1200;0.004612;0.007278
!$omp do @amspec_mpi.f90:206;OMP-LOOP;Thread 27:1;1200;0.005482;0.007141
!$omp do @amspec_mpi.f90:206;OMP-LOOP;Thread 28:1;1500;0.005466;0.007983
!$omp do @amspec_mpi.f90:206;OMP-LOOP;Thread 29:1;1377;0.005448;0.009272
!$omp do @amspec_mpi.f90:206;OMP-LOOP;Thread 30:1;1200;0.005766;0.007785
!$omp do @amspec_mpi.f90:206;OMP-LOOP;Thread 31:1;1200;0.005050;0.007288
!$omp parallel @amspec_mpi.f90:206;OMP;Process 1;1322;0.001047;0.008875
!$omp parallel @amspec_mpi.f90:206;OMP;Process 2;1174;0.001016;0.007461
!$omp parallel @amspec_mpi.f90:206;OMP;Process 3;1199;0.001017;0.008147
!$omp parallel @amspec_mpi.f90:206;OMP;Process 4;1350;0.001243;0.011080
!$omp parallel @amspec_mpi.f90:206;OMP;Process 5;1351;0.001118;0.008438
!$omp parallel @amspec_mpi.f90:206;OMP;Process 6;1200;0.001122;0.009546
!$omp parallel @amspec_mpi.f90:206;OMP;Process 7;1050;0.001036;0.007897
!$omp parallel @amspec_mpi.f90:206;OMP;Process 8;1209;0.001066;0.008457
!$omp parallel @amspec_mpi.f90:206;OMP;Process 9;1200;0.001053;0.008373
!$omp parallel @amspec_mpi.f90:206;OMP;Process 10;1200;0.000956;0.008294
!$omp parallel @amspec_mpi.f90:206;OMP;Process 11;1200;0.001004;0.008602
!$omp parallel @amspec_mpi.f90:206;OMP;Process 12;1200;0.001067;0.009347
!$omp parallel @amspec_mpi.f90:206;OMP;Process 13;1200;0.000892;0.007981
!$omp parallel @amspec_mpi.f90:206;OMP;Process 14;1200;0.000953;0.007596
!$omp parallel @amspec_mpi.f90:206;OMP;Process 15;1200;0.000950;0.008650
!$omp parallel @amspec_mpi.f90:206;OMP;Process 16;1500;0.001331;0.009331
!$omp parallel @amspec_mpi.f90:206;OMP;Process 17;1351;0.001538;0.010441
!$omp parallel @amspec_mpi.f90:206;OMP;Process 18;1200;0.001007;0.007638
!$omp parallel @amspec_mpi.f90:206;OMP;Process 19;1200;0.000948;0.008339
!$omp parallel @amspec_mpi.f90:206;OMP;Process 20;1217;0.001143;0.008514
!$omp parallel @amspec_mpi.f90:206;OMP;Process 21;1200;0.000873;0.009127
!$omp parallel @amspec_mpi.f90:206;OMP;Process 22;1200;0.000941;0.007881
!$omp parallel @amspec_mpi.f90:206;OMP;Process 23;1200;0.000944;0.008625
!$omp parallel @amspec_mpi.f90:206;OMP;Process 24;1202;0.001034;0.008742
!$omp parallel @amspec_mpi.f90:206;OMP;Process 25;1198;0.000959;0.008530
!$omp parallel @amspec_mpi.f90:206;OMP;Process 26;1200;0.001112;0.008227
!$omp parallel @amspec_mpi.f90:206;OMP;Process 27;1200;0.000824;0.008158
!$omp parallel @amspec_mpi.f90:206;OMP;Process 28;1500;0.001305;0.009227
!$omp parallel @amspec_mpi.f90:206;OMP;Process 29;1377;0.001428;0.010390
!$omp parallel @amspec_mpi.f90:206;OMP;Process 30;1200;0.000926;0.008705
!$omp parallel @amspec_mpi.f90:206;OMP;Process 31;1200;0.001016;0.008230
!$omp parallel @amspec_mpi.f90:206;OMP;Thread 1:1;1322;0.001000;0.008758
!$omp parallel @amspec_mpi.f90:206;OMP;Thread 2:1;1174;0.000845;0.007448
!$omp parallel @amspec_mpi.f90:206;OMP;Thread 3:1;1199;0.001051;0.008079
!$omp parallel @amspec_mpi.f90:206;OMP;Thread 4:1;1350;0.000956;0.011030
!$omp parallel @amspec_mpi.f90:206;OMP;Thread 5:1;1351;0.001102;0.008534
!$omp parallel @amspec_mpi.f90:206;OMP;Thread 6:1;1200;0.001189;0.009459
!$omp parallel @amspec_mpi.f90:206;OMP;Thread 7:1;1050;0.000927;0.007905
!$omp parallel @amspec_mpi.f90:206;OMP;Thread 8:1;1209;0.000876;0.008384
!$omp parallel @amspec_mpi.f90:206;OMP;Thread 9:1;1200;0.001096;0.008387
!$omp parallel @amspec_mpi.f90:206;OMP;Thread 10:1;1200;0.000935;0.008301
!$omp parallel @amspec_mpi.f90:206;OMP;Thread 11:1;1200;0.000967;0.008676
!$omp parallel @amspec_mpi.f90:206;OMP;Thread 12:1;1200;0.001059;0.009232
!$omp parallel @amspec_mpi.f90:206;OMP;Thread 13:1;1200;0.000916;0.007996
!$omp parallel @amspec_mpi.f90:206;OMP;Thread 14:1;1200;0.001016;0.007647
!$omp parallel @amspec_mpi.f90:206;OMP;Thread 15:1;1200;0.000936;0.008732
!$omp parallel @amspec_mpi.f90:206;OMP;Thread 16:1;1500;0.001319;0.009422
!$omp parallel @amspec_mpi.f90:206;OMP;Thread 17:1;1351;0.001145;0.010562
!$omp parallel @amspec_mpi.f90:206;OMP;Thread 18:1;1200;0.000750;0.007536
!$omp parallel @amspec_mpi.f90:206;OMP;Thread 19:1;1200;0.000950;0.008444
!$omp parallel @amspec_mpi.f90:206;OMP;Thread 20:1;1217;0.000829;0.008341
!$omp parallel @amspec_mpi.f90:206;OMP;Thread 21:1;1200;0.000934;0.009144
!$omp parallel @amspec_mpi.f90:206;OMP;Thread 22:1;1200;0.000930;0.007950
!$omp parallel @amspec_mpi.f90:206;OMP;Thread 23:1;1200;0.000930;0.008675
!$omp parallel @amspec_mpi.f90:206;OMP;Thread 24:1;1202;0.000994;0.008809
!$omp parallel @amspec_mpi.f90:206;OMP;Thread 25:1;1198;0.000881;0.008566
!$omp parallel @amspec_mpi.f90:206;OMP;Thread 26:1;1200;0.000894;0.008172
!$omp parallel @amspec_mpi.f90:206;OMP;Thread 27:1;1200;0.000923;0.008064
!$omp parallel @amspec_mpi.f90:206;OMP;Thread 28:1;1500;0.001289;0.009272
!$omp parallel @amspec_mpi.f90:206;OMP;Thread 29:1;1377;0.001162;0.010434
!$omp parallel @amspec_mpi.f90:206;OMP;Thread 30:1;1200;0.000935;0.008720
!$omp parallel @amspec_mpi.f90:206;OMP;Thread 31:1;1200;0.001035;0.008323
!$omp ibarrier @amspec_mpi.f90:213;OMP-SYNC;Process 1;1322;0.001785;0.001785
!$omp ibarrier @amspec_mpi.f90:213;OMP-SYNC;Process 2;1174;0.001508;0.001508
!$omp ibarrier @amspec_mpi.f90:213;OMP-SYNC;Process 3;1199;0.001920;0.001920
!$omp ibarrier @amspec_mpi.f90:213;OMP-SYNC;Process 4;1350;0.002155;0.002155
!$omp ibarrier @amspec_mpi.f90:213;OMP-SYNC;Process 5;1351;0.001640;0.001640
!$omp ibarrier @amspec_mpi.f90:213;OMP-SYNC;Process 6;1200;0.002618;0.002618
!$omp ibarrier @amspec_mpi.f90:213;OMP-SYNC;Process 7;1050;0.001730;0.001730
!$omp ibarrier @amspec_mpi.f90:213;OMP-SYNC;Process 8;1209;0.002162;0.002162
!$omp ibarrier @amspec_mpi.f90:213;OMP-SYNC;Process 9;1200;0.001688;0.001688
!$omp ibarrier @amspec_mpi.f90:213;OMP-SYNC;Process 10;1200;0.002258;0.002258
!$omp ibarrier @amspec_mpi.f90:213;OMP-SYNC;Process 11;1200;0.002107;0.002107
!$omp ibarrier @amspec_mpi.f90:213;OMP-SYNC;Process 12;1200;0.002655;0.002655
!$omp ibarrier @amspec_mpi.f90:213;OMP-SYNC;Process 13;1200;0.001986;0.001986
!$omp ibarrier @amspec_mpi.f90:213;OMP-SYNC;Process 14;1200;0.001731;0.001731
!$omp ibarrier @amspec_mpi.f90:213;OMP-SYNC;Process 15;1200;0.001983;0.001983
!$omp ibarrier @amspec_mpi.f90:213;OMP-SYNC;Process 16;1500;0.001728;0.001728
!$omp ibarrier @amspec_mpi.f90:213;OMP-SYNC;Process 17;1351;0.002001;0.002001
!$omp ibarrier @amspec_mpi.f90:213;OMP-SYNC;Process 18;1200;0.001584;0.001584
!$omp ibarrier @amspec_mpi.f90:213;OMP-SYNC;Process 19;1200;0.002226;0.002226
!$omp ibarrier @amspec_mpi.f90:213;OMP-SYNC;Process 20;1217;0.001798;0.001798
!$omp ibarrier @amspec_mpi.f90:213;OMP-SYNC;Process 21;1200;0.002712;0.002712
!$omp ibarrier @amspec_mpi.f90:213;OMP-SYNC;Process 22;1200;0.001847;0.001847
!$omp ibarrier @amspec_mpi.f90:213;OMP-SYNC;Process 23;1200;0.002182;0.002182
!$omp ibarrier @amspec_mpi.f90:213;OMP-SYNC;Process 24;1202;0.002239;0.002239
!$omp ibarrier @amspec_mpi.f90:213;OMP-SYNC;Process 25;1198;0.002299;0.002299
!$omp ibarrier @amspec_mpi.f90:213;OMP-SYNC;Process 26;1200;0.001657;0.001657
!$omp ibarrier @amspec_mpi.f90:213;OMP-SYNC;Process 27;1200;0.002331;0.002331
!$omp ibarrier @amspec_mpi.f90:213;OMP-SYNC;Process 28;1500;0.001672;0.001672
!$omp ibarrier @amspec_mpi.f90:213;OMP-SYNC;Process 29;1377;0.002073;0.002073
!$omp ibarrier @amspec_mpi.f90:213;OMP-SYNC;Process 30;1200;0.002602;0.002602
!$omp ibarrier @amspec_mpi.f90:213;OMP-SYNC;Process 31;1200;0.001772;0.001772
!$omp ibarrier @amspec_mpi.f90:213;OMP-SYNC;Thread 1:1;1322;0.002202;0.002202
!$omp ibarrier @amspec_mpi.f90:213;OMP-SYNC;Thread 2:1;1174;0.002260;0.002260
!$omp ibarrier @amspec_mpi.f90:213;OMP-SYNC;Thread 3:1;1199;0.002367;0.002367
!$omp ibarrier @amspec_mpi.f90:213;OMP-SYNC;Thread 4:1;1350;0.003391;0.003391
!$omp ibarrier @amspec_mpi.f90:213;OMP-SYNC;Thread 5:1;1351;0.002163;0.002163
!$omp ibarrier @amspec_mpi.f90:213;OMP-SYNC;Thread 6:1;1200;0.002310;0.002310
!$omp ibarrier @amspec_mpi.f90:213;OMP-SYNC;Thread 7:1;1050;0.002171;0.002171
!$omp ibarrier @amspec_mpi.f90:213;OMP-SYNC;Thread 8:1;1209;0.002379;0.002379
!$omp ibarrier @amspec_mpi.f90:213;OMP-SYNC;Thread 9:1;1200;0.002634;0.002634
!$omp ibarrier @amspec_mpi.f90:213;OMP-SYNC;Thread 10:1;1200;0.001903;0.001903
!$omp ibarrier @amspec_mpi.f90:213;OMP-SYNC;Thread 11:1;1200;0.002266;0.002266
!$omp ibarrier @amspec_mpi.f90:213;OMP-SYNC;Thread 12:1;1200;0.002218;0.002218
!$omp ibarrier @amspec_mpi.f90:213;OMP-SYNC;Thread 13:1;1200;0.001907;0.001907
!$omp ibarrier @amspec_mpi.f90:213;OMP-SYNC;Thread 14:1;1200;0.001966;0.001966
!$omp ibarrier @amspec_mpi.f90:213;OMP-SYNC;Thread 15:1;1200;0.002173;0.002173
!$omp ibarrier @amspec_mpi.f90:213;OMP-SYNC;Thread 16:1;1500;0.002818;0.002818
!$omp ibarrier @amspec_mpi.f90:213;OMP-SYNC;Thread 17:1;1351;0.004372;0.004372
!$omp ibarrier @amspec_mpi.f90:213;OMP-SYNC;Thread 18:1;1200;0.002013;0.002013
!$omp ibarrier @amspec_mpi.f90:213;OMP-SYNC;Thread 19:1;1200;0.002247;0.002247
!$omp ibarrier @amspec_mpi.f90:213;OMP-SYNC;Thread 20:1;1217;0.002793;0.002793
!$omp ibarrier @amspec_mpi.f90:213;OMP-SYNC;Thread 21:1;1200;0.002135;0.002135
!$omp ibarrier @amspec_mpi.f90:213;OMP-SYNC;Thread 22:1;1200;0.002264;0.002264
!$omp ibarrier @amspec_mpi.f90:213;OMP-SYNC;Thread 23:1;1200;0.002191;0.002191
!$omp ibarrier @amspec_mpi.f90:213;OMP-SYNC;Thread 24:1;1202;0.002286;0.002286
!$omp ibarrier @amspec_mpi.f90:213;OMP-SYNC;Thread 25:1;1198;0.002174;0.002174
!$omp ibarrier @amspec_mpi.f90:213;OMP-SYNC;Thread 26:1;1200;0.002666;0.002666
!$omp ibarrier @amspec_mpi.f90:213;OMP-SYNC;Thread 27:1;1200;0.001659;0.001659
!$omp ibarrier @amspec_mpi.f90:213;OMP-SYNC;Thread 28:1;1500;0.002517;0.002517
!$omp ibarrier @amspec_mpi.f90:213;OMP-SYNC;Thread 29:1;1377;0.003824;0.003824
!$omp ibarrier @amspec_mpi.f90:213;OMP-SYNC;Thread 30:1;1200;0.002018;0.002018
!$omp ibarrier @amspec_mpi.f90:213;OMP-SYNC;Thread 31:1;1200;0.002238;0.002238

